trip_id,driver_id,city,pickup_ts,dropoff_ts,distance_km,fare
T000001,D0166,Pune,2026-08-24 15:02:56,2026-08-24 15:34:56,37.44,822.21
T000002,D0092,Jaipur,2026-08-02 09:06:50,2026-08-02 09:57:50,,545.03
T000003,D0030,Lucknow,2026-08-06 19:19:34,2026-08-06 19:24:34,5.41,66.78
T000004,D0036,Lucknow,2026-08-14 00:06:29,2026-08-14 00:21:29,13.87,169.81
T000005,D0049,Lucknow,2026-08-11 04:32:02,2026-08-11 05:04:02,33.69,415.63
T000006,D0159,Delhi,2026-08-01 19:52:29,2026-08-01 20:17:29,26.62,539.48
T000007,D0126,Hyderabad,2026-08-19 04:28:41,2026-08-19 05:08:41,16.34,288.28
T000008,D0113,Bangalore,2026-08-09 23:56:49,2026-08-10 00:15:49,18.07,362.27
T000009,D0115,Chennai,2026-08-05 07:45:32,2026-08-05 08:22:32,35.91,
T000010,D0105,Kolkata,2026-08-04 17:05:41,2026-08-04 17:40:41,-21.63,486.82
T000011,D0045,Mumbai,2026-08-10 07:51:56,2026-08-10 08:52:56,30.37,412.55
T000012,D0049,Bangalore,2026-08-02 01:29:03,2026-08-02 01:55:03,22.44,
T000013,D0106,Hyderabad,2026-08-25 09:43:49,2026-08-25 10:25:49,19.16,347.38
T000014,D0126,Kolkata,2026-08-30 17:14:17,2026-08-30 17:46:17,20.45,455.9
T000015,D0094,Delhi,2026-08-19 07:47:37,2026-08-19 08:07:37,20.87,406.26
T000016,D0125,Delhi,2026-08-19 06:07:17,2026-08-19 06:36:17,28.39,572.54
T000017,D0047,Delhi,2026-08-15 02:47:40,2026-08-15 03:09:40,23.27,498.33
T000018,D0093,Bangalore,2026-08-30 14:39:24,2026-08-30 15:16:24,31.4,670.73
T000019,D0158,Ahmedabad,2026-08-29 15:06:28,2026-08-29 15:11:28,4.37,103.47
T000020,D0020,Bangalore,2026-08-21 11:47:44,2026-08-21 12:20:44,32.64,671.35
T000021,D0161,Ahmedabad,2026-08-12 06:22:37,2026-08-12 06:29:37,5.81,117.3
T000022,D0183,Chennai,2026-08-30 10:43:01,2026-08-30 10:59:01,14.1,290.87
T000023,D0162,Mumbai,2026-08-03 04:44:15,2026-08-03 05:35:15,26.53,390.15
T000024,D0159,Bangalore,2026-08-27 18:27:32,2026-08-27 18:34:32,6.83,128.14
T000025,D0049,Hyderabad,2026-08-22 22:35:57,2026-08-22 23:30:57,,411.19
T000026,D0183,Ahmedabad,2026-08-24 06:15:58,2026-08-24 06:51:58,31.58,655.6
T000027,D0093,Lucknow,2026-08-04 02:10:51,2026-08-04 02:46:51,,401.31
T000028,D0122,Bangalore,2026-08-05 01:29:46,2026-08-05 01:53:46,21.09,412.14
T000029,D0155,Kolkata,2026-08-22 13:34:07,2026-08-22 14:40:07,,734.36
T000030,D0009,Chennai,2026-08-26 23:54:14,2026-08-27 00:25:14,30.33,585.52
T000031,D0188,Bangalore,2026-08-11 03:42:40,2026-08-11 04:14:40,28.63,536.45
T000032,D0020,Mumbai,2026-08-20 09:37:45,2026-08-20 10:21:45,22.79,310.01
T000033,D0182,Delhi,2026-08-04 14:10:57,2026-08-04 14:23:57,15.32,281.31
T000034,D0100,Delhi,2026-08-09 22:02:01,2026-08-09 22:15:01,12.7,252.25
T000035,D0177,Chennai,2026-08-11 18:10:40,2026-08-11 18:39:40,28.43,524.95
T000036,D0146,Delhi,2026-08-16 08:44:52,2026-08-16 09:22:52,39.75,701.73
T000037,D0003,Kolkata,2026-08-10 03:12:22,2026-08-10 03:58:22,-30.89,671.28
T000038,D0166,Kolkata,2026-08-26 18:24:56,2026-08-26 18:24:56,22.94,517.37
T000039,D0177,Jaipur,2026-08-19 01:40:20,2026-08-19 02:04:20,12.33,243.12
T000040,D0016,Delhi,2026-08-19 16:12:23,2026-08-19 16:17:23,4.82,93.92
T000041,D0139,Mumbai,2026-08-27 05:28:02,2026-08-27 05:28:02,5.81,71.72
T000042,D0076,Chennai,2026-08-20 18:00:28,2026-08-20 18:11:28,10.57,
T000043,D0170,Mumbai,2026-08-23 20:48:42,2026-08-23 20:57:42,4.94,61.34
T000044,D0176,Ahmedabad,2026-08-06 19:52:41,2026-08-06 20:33:41,38.41,780.93
T000045,D0052,Bangalore,2026-08-21 15:32:41,2026-08-21 16:02:41,26.74,541.08
T000046,D0188,Jaipur,2026-08-11 09:16:46,2026-08-11 09:16:46,12.56,267.77
T000047,D0094,Pune,2026-08-26 02:49:55,2026-08-26 02:54:55,5.56,110.37
T000048,D0088,Mumbai,2026-08-11 23:36:08,2026-08-12 00:56:08,,561.67
T000049,D0125,Kolkata,2026-08-03 12:17:36,2026-08-03 12:44:36,15.07,315.1
T000050,D0070,Bangalore,2026-08-23 12:10:05,2026-08-23 12:50:05,33.48,697.65
T000051,D0170,Chennai,2026-08-07 10:14:01,2026-08-07 10:21:01,6.79,128.55
T000052,D0070,Kolkata,2026-08-29 19:50:58,2026-08-29 20:19:58,18.31,421.98
T000053,D0027,Hyderabad,2026-08-07 15:21:08,2026-08-07 15:56:08,13.36,267.86
T000054,D0042,Delhi,2026-08-28 23:09:25,2026-08-28 23:14:25,6.12,107.99
T000055,D0136,Mumbai,2026-08-08 09:04:46,2026-08-08 09:51:46,24.52,358.07
T000056,D0198,Jaipur,2026-08-23 20:06:31,2026-08-23 20:06:31,10.18,211.04
T000057,D0095,Ahmedabad,2026-08-01 12:25:27,2026-08-01 12:43:27,14.84,298.82
T000058,D0105,Lucknow,2026-08-18 14:47:25,2026-08-18 14:57:25,10.49,120.51
T000059,D0033,Lucknow,2026-08-12 05:43:49,2026-08-12 06:24:49,37.21,446.1
T000060,D0125,Delhi,2026-08-26 05:37:00,2026-08-26 06:17:00,37.29,734.31
T000061,D0167,Pune,2026-08-16 22:57:16,2026-08-16 23:28:16,33.98,798.69
T000062,D0185,Mumbai,2026-08-13 16:45:01,2026-08-13 17:00:01,7.0,97.29
T000063,D0023,Delhi,2026-08-25 12:31:39,2026-08-25 12:50:39,21.25,438.49
T000064,D0063,Mumbai,2026-08-07 01:29:38,2026-08-07 01:29:38,10.21,152.21
T000065,D0118,Delhi,2026-08-09 22:24:48,2026-08-09 22:35:48,10.57,206.25
T000066,D0051,Lucknow,2026-08-06 08:45:20,2026-08-06 09:17:20,29.61,397.96
T000067,D0018,Lucknow,2026-08-19 00:21:55,2026-08-19 00:49:55,29.89,376.38
T000068,D0162,Hyderabad,2026-08-01 01:47:11,2026-08-01 01:57:11,4.32,82.03
T000069,D0099,Ahmedabad,2026-08-16 10:36:34,2026-08-16 10:41:34,4.33,98.26
T000070,D0194,Lucknow,2026-08-17 07:24:23,2026-08-17 07:30:23,5.87,70.27
T000071,D0005,Delhi,2026-08-18 23:31:32,2026-08-18 23:58:32,27.36,525.85
T000072,D0033,Jaipur,2026-08-08 07:45:40,2026-08-08 07:56:40,5.95,113.86
T000073,D0051,Jaipur,2026-08-24 07:22:00,2026-08-24 07:44:00,12.08,250.99
T000074,D0089,Jaipur,2026-08-09 05:59:52,2026-08-09 06:35:52,18.64,398.56
T000075,D0184,Hyderabad,2026-08-27 10:44:17,2026-08-27 11:54:17,28.17,543.07
T000076,D0001,Bangalore,2026-08-25 07:07:31,2026-08-25 07:39:31,30.38,636.95
T000077,D0083,Jaipur,2026-08-25 01:04:00,2026-08-25 01:49:00,-23.16,524.91
T000078,D0070,Bangalore,2026-08-11 04:29:46,2026-08-11 04:56:46,23.68,463.14
T000079,D0024,Hyderabad,2026-08-19 04:00:47,2026-08-19 04:23:47,10.27,199.5
T000080,D0057,Pune,2026-08-29 00:18:46,2026-08-29 00:27:46,9.03,214.51
T000081,D0188,Ahmedabad,2026-08-19 15:45:42,2026-08-19 16:24:42,35.82,719.72
T000082,D0113,Mumbai,2026-08-21 20:54:29,2026-08-21 21:01:29,4.07,52.14
T000083,D0165,Hyderabad,2026-08-11 15:00:38,2026-08-11 15:57:38,26.25,498.72
T000084,D0077,Jaipur,2026-08-26 14:12:38,2026-08-26 14:34:38,-11.59,268.87
T000085,D0165,Kolkata,2026-08-19 00:10:14,2026-08-19 00:19:14,5.59,
T000086,D0130,Delhi,2026-08-14 11:27:34,2026-08-14 11:31:34,4.32,90.02
T000087,D0024,Bangalore,2026-08-04 19:01:58,2026-08-04 19:34:58,27.27,550.37
T000088,D0089,Delhi,2026-08-13 18:37:04,2026-08-13 18:53:04,15.36,313.91
T000089,D0190,Kolkata,2026-08-20 14:06:31,2026-08-20 14:43:31,24.54,553.55
T000090,D0080,Mumbai,2026-08-14 17:38:23,2026-08-14 18:41:23,32.47,420.68
T000091,D0098,Chennai,2026-08-01 17:32:17,2026-08-01 18:09:17,37.01,744.85
T000092,D0004,Delhi,2026-08-11 15:54:11,2026-08-11 16:24:11,31.78,668.02
T000093,D0103,Mumbai,2026-08-13 19:02:26,2026-08-13 20:08:26,32.16,404.55
T000094,D0035,Hyderabad,2026-08-24 17:28:30,2026-08-24 17:51:30,10.08,202.33
T000095,D0108,Delhi,2026-08-05 19:08:29,2026-08-05 19:39:29,34.47,688.24
T000096,D0117,Ahmedabad,2026-08-30 17:00:41,2026-08-30 17:27:41,23.78,564.75
T000097,D0101,Chennai,2026-08-09 14:36:55,2026-08-09 15:01:55,22.21,471.83
T000098,D0152,Chennai,2026-08-29 12:30:50,2026-08-29 12:46:50,15.36,315.6
T000099,D0063,Lucknow,2026-08-10 08:26:05,2026-08-10 08:51:05,23.64,262.9
T000100,D0081,Kolkata,2026-08-29 00:16:27,2026-08-29 01:01:27,30.45,596.94
T000101,D0078,Pune,2026-08-25 05:21:45,2026-08-25 05:43:45,26.51,573.05
T000102,D0106,Pune,2026-08-26 11:05:41,2026-08-26 11:33:41,29.08,688.33
T000103,D0027,Lucknow,2026-08-09 17:27:04,2026-08-09 17:41:04,13.59,165.99
T000104,D0120,Ahmedabad,2026-08-28 23:10:58,2026-08-28 23:19:58,8.1,182.26
T000105,D0028,Pune,2026-08-04 11:22:06,2026-08-04 11:38:06,19.24,380.16
T000106,D0188,Lucknow,2026-08-04 03:26:02,2026-08-04 03:46:02,20.28,256.05
T000107,D0123,Jaipur,2026-08-26 14:13:44,2026-08-26 14:42:44,15.35,352.22
T000108,D0167,Jaipur,2026-08-04 10:15:54,2026-08-04 10:47:54,17.43,334.83
T000109,D0134,Chennai,2026-08-30 17:38:25,2026-08-30 18:11:25,29.94,648.1
T000110,D0108,Hyderabad,2026-08-19 17:57:24,2026-08-19 18:31:24,15.72,306.86
T000111,D0139,Hyderabad,2026-08-09 11:54:05,2026-08-09 12:41:05,,359.39
T000112,D0027,Chennai,2026-08-01 07:36:10,2026-08-01 08:07:10,31.44,624.4
T000113,D0053,Jaipur,2026-08-21 04:01:47,2026-08-21 04:36:47,20.37,429.38
T000114,D0069,Pune,2026-08-07 23:41:47,2026-08-07 23:47:47,6.19,128.02
T000115,D0194,Kolkata,2026-08-11 16:47:35,2026-08-11 17:13:35,15.56,327.65
T000116,D0052,Hyderabad,2026-08-10 05:49:25,2026-08-10 06:56:25,30.23,525.11
T000117,D0173,Chennai,2026-08-20 11:22:50,2026-08-20 12:03:50,39.11,845.86
T000118,D0188,Kolkata,2026-08-02 04:24:50,2026-08-02 05:19:50,36.99,
T000119,D0194,Mumbai,2026-08-06 18:27:31,2026-08-06 19:18:31,27.66,353.54
T000120,D0172,Mumbai,2026-08-26 03:54:06,2026-08-26 04:39:06,23.62,310.73
T000121,D0057,Delhi,2026-08-22 09:40:55,2026-08-22 09:49:55,10.0,214.29
T000122,D0008,Pune,2026-08-11 09:23:00,2026-08-11 09:45:00,22.61,505.0
T000123,D0187,Hyderabad,2026-08-06 02:27:32,2026-08-06 03:05:32,17.39,342.5
T000124,D0128,Kolkata,2026-08-28 00:57:40,2026-08-28 00:57:40,24.58,541.83
T000125,D0044,Mumbai,2026-08-22 00:56:35,2026-08-22 02:02:35,34.95,479.7
T000126,D0077,Delhi,2026-08-30 10:42:56,2026-08-30 10:51:56,9.58,179.56
T000127,D0189,Kolkata,2026-08-02 14:07:49,2026-08-02 15:13:49,38.82,
T000128,D0186,Kolkata,2026-08-18 15:02:29,2026-08-18 15:50:29,30.71,639.3
T000129,D0040,Pune,2026-08-20 17:13:00,2026-08-20 17:30:00,18.39,
T000130,D0045,Lucknow,2026-08-29 22:22:46,2026-08-29 22:35:46,11.79,143.85
T000131,D0155,Jaipur,2026-08-01 08:44:00,2026-08-01 08:59:00,7.69,155.08
T000132,D0144,Bangalore,2026-08-11 05:56:47,2026-08-11 06:23:47,22.72,498.93
T000133,D0075,Bangalore,2026-08-24 18:40:34,2026-08-24 18:40:34,16.77,318.32
T000134,D0034,Jaipur,2026-08-01 04:03:10,2026-08-01 04:03:10,36.86,825.48
T000135,D0031,Hyderabad,2026-08-16 13:57:55,2026-08-16 14:09:55,5.28,102.64
T000136,D0054,Lucknow,2026-08-30 12:02:20,2026-08-30 12:41:20,36.65,461.37
T000137,D0081,Chennai,2026-08-04 08:27:35,2026-08-04 08:45:35,18.37,375.07
T000138,D0014,Chennai,2026-08-28 23:48:52,2026-08-29 00:21:52,30.65,619.48
T000139,D0135,Bangalore,2026-08-10 01:03:52,2026-08-10 01:03:52,26.91,562.39
T000140,D0074,Chennai,2026-08-15 03:55:03,2026-08-15 04:05:03,8.4,162.87
T000141,D0116,Lucknow,2026-08-11 21:39:35,2026-08-11 21:48:35,8.08,105.16
T000142,D0115,Bangalore,2026-08-06 13:21:01,2026-08-06 13:26:01,5.05,100.42
T000143,D0149,Kolkata,2026-08-14 10:51:34,2026-08-14 11:28:34,21.69,508.95
T000144,D0139,Kolkata,2026-08-16 21:01:20,2026-08-16 22:00:20,36.03,826.49
T000145,D0109,Lucknow,2026-08-12 23:35:34,2026-08-12 23:39:34,3.89,
T000146,D0157,Jaipur,2026-08-19 23:50:26,2026-08-20 00:01:26,6.07,124.39
T000147,D0128,Delhi,2026-08-05 21:06:14,2026-08-05 21:36:14,28.83,529.64
T000148,D0009,Chennai,2026-08-27 06:21:32,2026-08-27 06:23:32,2.21,47.13
T000149,D0197,Kolkata,2026-08-01 08:24:38,2026-08-01 08:45:38,12.75,290.58
T000150,D0169,Lucknow,2026-08-06 16:55:43,2026-08-06 17:05:43,,106.81
T000151,D0144,Pune,2026-08-12 21:40:58,2026-08-12 22:14:58,36.67,789.17
T000152,D0030,Chennai,2026-08-16 21:47:52,2026-08-16 22:24:52,35.46,745.67
T000153,D0145,Kolkata,2026-08-23 12:49:12,2026-08-23 13:42:12,30.18,625.78
T000154,D0198,Hyderabad,2026-08-27 03:22:05,2026-08-27 04:32:05,29.85,
T000155,D0164,Pune,2026-08-29 23:29:18,2026-08-29 23:44:18,15.9,341.28
T000156,D0069,Pune,2026-08-22 18:13:41,2026-08-22 18:52:41,39.2,873.1
T000157,D0183,Mumbai,2026-08-12 07:34:13,2026-08-12 08:01:13,15.28,227.97
T000158,D0130,Bangalore,2026-08-04 18:49:51,2026-08-04 19:24:51,29.53,646.38
T000159,D0030,Pune,2026-08-01 20:28:50,2026-08-01 20:46:50,18.06,356.88
T000160,D0027,Hyderabad,2026-08-09 07:10:43,2026-08-09 08:25:43,34.37,618.9
T000161,D0167,Lucknow,2026-08-11 11:58:20,2026-08-11 12:30:20,28.25,362.84
T000162,D0041,Kolkata,2026-08-04 11:00:19,2026-08-04 11:57:19,-37.14,811.0
T000163,D0014,Ahmedabad,2026-08-08 03:59:16,2026-08-08 04:42:16,38.86,833.4
T000164,D0163,Lucknow,2026-08-28 14:52:13,2026-08-28 15:10:13,16.58,
T000165,D0163,Lucknow,2026-08-29 15:50:00,2026-08-29 16:13:00,25.01,336.25
T000166,D0161,Hyderabad,2026-08-15 04:53:40,2026-08-15 05:12:40,7.62,133.94
T000167,D0186,Bangalore,2026-08-28 14:03:57,2026-08-28 14:39:57,32.54,614.48
T000168,D0197,Jaipur,2026-08-10 18:05:26,2026-08-10 19:05:26,-33.29,751.81
T000169,D0031,Mumbai,2026-08-10 07:41:05,2026-08-10 08:05:05,11.58,160.24
T000170,D0067,Pune,2026-08-18 14:35:41,2026-08-18 15:11:41,36.89,794.11
T000171,D0082,Mumbai,2026-08-09 08:50:13,2026-08-09 08:55:13,2.82,40.81
T000172,D0071,Mumbai,2026-08-22 08:38:05,2026-08-22 09:44:05,38.26,484.89
T000173,D0041,Hyderabad,2026-08-13 00:31:17,2026-08-13 00:57:17,10.39,201.07
T000174,D0138,Bangalore,2026-08-05 08:13:29,2026-08-05 08:26:29,11.17,229.54
T000175,D0071,Ahmedabad,2026-08-19 15:23:45,2026-08-19 15:39:45,14.63,290.86
T000176,D0098,Chennai,2026-08-03 01:17:34,2026-08-03 01:27:34,10.35,225.76
T000177,D0081,Pune,2026-08-17 07:08:50,2026-08-17 07:35:50,28.75,668.38
T000178,D0150,Delhi,2026-08-07 21:24:57,2026-08-07 21:34:57,9.31,181.73
T000179,D0191,Chennai,2026-08-20 23:37:12,2026-08-21 00:09:12,26.86,575.64
T000180,D0086,Jaipur,2026-08-02 13:43:59,2026-08-02 14:44:59,34.14,783.4
T000181,D0064,Bangalore,2026-08-27 15:25:25,2026-08-27 15:40:25,13.92,283.29
T000182,D0037,Mumbai,2026-08-21 08:04:05,2026-08-21 09:20:05,35.78,531.45
T000183,D0043,Bangalore,2026-08-23 14:11:19,2026-08-23 14:16:19,-4.11,77.24
T000184,D0025,Chennai,2026-08-10 18:59:53,2026-08-10 19:22:53,21.88,414.82
T000185,D0169,Lucknow,2026-08-25 19:33:01,2026-08-25 20:04:01,,389.49
T000186,D0086,Pune,2026-08-06 22:55:46,2026-08-06 23:27:46,35.27,698.4
T000187,D0123,Chennai,2026-08-09 23:46:02,2026-08-10 00:15:02,-28.64,597.49
T000188,D0026,Hyderabad,2026-08-12 02:50:58,2026-08-12 03:45:58,,453.45
T000189,D0134,Chennai,2026-08-21 22:58:58,2026-08-21 23:02:58,3.56,65.11
T000190,D0017,Mumbai,2026-08-06 19:21:23,2026-08-06 19:53:23,15.35,203.93
T000191,D0168,Kolkata,2026-08-27 00:30:07,2026-08-27 00:41:07,6.98,154.92
T000192,D0078,Delhi,2026-08-02 06:11:43,2026-08-02 06:22:43,-10.87,196.44
T000193,D0089,Kolkata,2026-08-29 06:20:38,2026-08-29 06:54:38,22.9,453.85
T000194,D0056,Mumbai,2026-08-14 14:23:51,2026-08-14 15:09:51,-22.76,322.86
T000195,D0031,Jaipur,2026-08-16 17:04:37,2026-08-16 17:59:37,31.51,720.17
T000196,D0105,Kolkata,2026-08-30 21:06:14,2026-08-30 22:13:14,38.52,903.31
T000197,D0074,Bangalore,2026-08-09 12:27:45,2026-08-09 12:41:45,14.55,268.82
T000198,D0008,Chennai,2026-08-30 17:44:18,2026-08-30 17:58:18,12.75,229.05
T000199,D0095,Kolkata,2026-08-09 21:42:59,2026-08-09 22:13:59,18.96,398.73
T000200,D0131,Chennai,2026-08-11 03:18:34,2026-08-11 03:57:34,37.25,685.94
T000201,D0095,Lucknow,2026-08-23 05:51:55,2026-08-23 06:22:55,28.03,343.8
T000202,D0063,Hyderabad,2026-08-12 05:59:56,2026-08-12 06:56:56,25.12,476.23
T000203,D0185,Mumbai,2026-08-10 14:18:11,2026-08-10 15:30:11,36.02,472.06
T000204,D0025,Chennai,2026-08-09 19:50:28,2026-08-09 20:15:28,24.91,530.3
T000205,D0056,Jaipur,2026-08-25 03:36:22,2026-08-25 04:50:22,38.38,878.68
T000206,D0157,Ahmedabad,2026-08-11 22:20:45,2026-08-11 22:58:45,34.17,681.52
T000207,D0140,Bangalore,2026-08-21 16:35:40,2026-08-21 17:13:40,,708.29
T000208,D0061,Chennai,2026-08-25 07:30:49,2026-08-25 07:30:49,9.83,208.46
T000209,D0143,Ahmedabad,2026-08-25 23:43:49,2026-08-26 00:04:49,-19.16,439.5
T000210,D0124,Kolkata,2026-08-18 04:23:29,2026-08-18 05:10:29,27.74,564.06
T000211,D0131,Delhi,2026-08-14 19:38:12,2026-08-14 19:51:12,13.5,288.91
T000212,D0185,Delhi,2026-08-23 05:21:13,2026-08-23 05:42:13,24.33,
T000213,D0035,Bangalore,2026-08-17 05:00:32,2026-08-17 05:21:32,18.83,375.47
T000214,D0019,Chennai,2026-08-14 16:01:05,2026-08-14 16:23:05,20.68,378.78
T000215,D0191,Mumbai,2026-08-19 20:56:31,2026-08-19 21:25:31,15.6,233.62
T000216,D0108,Delhi,2026-08-14 16:23:18,2026-08-14 16:49:18,-28.09,567.28
T000217,D0075,Bangalore,2026-08-28 10:48:07,2026-08-28 10:50:07,2.28,50.81
T000218,D0072,Jaipur,2026-08-25 08:44:27,2026-08-25 09:37:27,30.58,
T000219,D0006,Kolkata,2026-08-01 16:28:06,2026-08-01 17:08:06,23.35,477.18
T000220,D0174,Lucknow,2026-08-01 08:57:31,2026-08-01 08:57:31,19.61,238.72
T000221,D0124,Hyderabad,2026-08-09 07:19:30,2026-08-09 08:40:30,35.29,690.96
T000222,D0031,Ahmedabad,2026-08-08 06:29:51,2026-08-08 06:32:51,2.96,60.89
T000223,D0101,Kolkata,2026-08-08 17:58:55,2026-08-08 18:45:55,26.59,607.28
T000224,D0155,Delhi,2026-08-28 07:46:16,2026-08-28 08:19:16,32.52,683.75
T000225,D0129,Bangalore,2026-08-14 15:20:14,2026-08-14 16:00:14,38.49,846.88
T000226,D0038,Lucknow,2026-08-10 19:35:22,2026-08-10 19:58:22,21.6,275.27
T000227,D0050,Jaipur,2026-08-19 02:44:49,2026-08-19 03:54:49,,772.12
T000228,D0101,Mumbai,2026-08-30 06:24:49,2026-08-30 07:21:49,29.07,
T000229,D0005,Ahmedabad,2026-08-09 20:52:36,2026-08-09 21:09:36,16.48,353.65
T000230,D0012,Jaipur,2026-08-21 14:27:55,2026-08-21 15:17:55,26.59,514.33
T000231,D0044,Delhi,2026-08-26 01:43:42,2026-08-26 02:03:42,20.08,380.6
T000232,D0092,Mumbai,2026-08-29 21:20:35,2026-08-29 21:29:35,4.8,67.87
T000233,D0108,Chennai,2026-08-21 13:26:15,2026-08-21 14:02:15,34.77,746.87
T000234,D0168,Chennai,2026-08-13 06:50:53,2026-08-13 06:58:53,7.53,156.65
T000235,D0195,Kolkata,2026-08-23 18:37:55,2026-08-23 18:48:55,6.41,128.42
T000236,D0164,Chennai,2026-08-08 12:02:15,2026-08-08 12:02:15,16.44,359.8
T000237,D0090,Pune,2026-08-01 01:58:07,2026-08-01 02:19:07,23.4,476.06
T000238,D0021,Pune,2026-08-04 10:19:47,2026-08-04 10:43:47,23.96,523.01
T000239,D0049,Delhi,2026-08-11 10:23:41,2026-08-11 10:58:41,38.03,781.09
T000240,D0119,Bangalore,2026-08-02 04:44:36,2026-08-02 04:47:36,-2.64,50.7
T000241,D0116,Hyderabad,2026-08-01 04:21:41,2026-08-01 05:55:41,36.04,627.08
T000242,D0102,Ahmedabad,2026-08-03 20:54:31,2026-08-03 21:05:31,10.31,202.44
T000243,D0080,Chennai,2026-08-11 03:18:52,2026-08-11 03:23:52,5.46,101.7
T000244,D0047,Mumbai,2026-08-17 10:17:40,2026-08-17 11:08:40,27.6,354.07
T000245,D0026,Delhi,2026-08-06 09:10:19,2026-08-06 09:33:19,22.13,468.19
T000246,D0053,Delhi,2026-08-22 19:29:22,2026-08-22 20:00:22,35.25,693.05
T000247,D0159,Kolkata,2026-08-04 11:59:42,2026-08-04 12:54:42,32.9,660.69
T000248,D0020,Pune,2026-08-09 02:17:56,2026-08-09 02:48:56,32.95,669.04
T000249,D0155,Pune,2026-08-15 16:31:55,2026-08-15 16:45:55,14.17,332.25
T000250,D0099,Kolkata,2026-08-05 16:12:28,2026-08-05 16:46:28,20.41,452.04
T000251,D0100,Chennai,2026-08-06 19:33:20,2026-08-06 19:43:20,9.65,179.98
T000252,D0162,Lucknow,2026-08-28 19:48:24,2026-08-28 19:59:24,10.15,122.77
T000253,D0183,Mumbai,2026-08-03 20:51:13,2026-08-03 21:44:13,29.16,426.69
T000254,D0150,Mumbai,2026-08-06 08:59:28,2026-08-06 09:13:28,7.11,99.77
T000255,D0085,Mumbai,2026-08-15 09:59:41,2026-08-15 10:59:41,28.4,389.12
T000256,D0042,Delhi,2026-08-29 18:29:26,2026-08-29 18:34:26,5.46,114.43
T000257,D0069,Ahmedabad,2026-08-17 06:48:08,2026-08-17 07:18:08,-29.35,580.42
T000258,D0117,Chennai,2026-08-12 02:52:15,2026-08-12 03:23:15,26.7,522.78
T000259,D0159,Jaipur,2026-08-12 09:40:56,2026-08-12 09:49:56,4.91,108.79
T000260,D0092,Mumbai,2026-08-14 03:06:13,2026-08-14 03:44:13,18.67,254.56
T000261,D0048,Kolkata,2026-08-18 01:19:42,2026-08-18 01:19:42,35.96,703.91
T000262,D0179,Chennai,2026-08-14 13:00:32,2026-08-14 13:31:32,27.83,606.27
T000263,D0199,Kolkata,2026-08-24 18:46:00,2026-08-24 19:35:00,30.5,640.31
T000264,D0080,Bangalore,2026-08-13 05:51:49,2026-08-13 06:05:49,11.76,
T000265,D0146,Ahmedabad,2026-08-08 13:53:21,2026-08-08 14:36:21,,872.36
T000266,D0177,Bangalore,2026-08-17 08:51:35,2026-08-17 09:14:35,21.46,450.2
T000267,D0183,Ahmedabad,2026-08-08 20:43:33,2026-08-08 21:22:33,,830.82
T000268,D0004,Jaipur,2026-08-28 04:08:07,2026-08-28 04:24:07,9.46,194.15
T000269,D0077,Jaipur,2026-08-01 01:28:32,2026-08-01 02:04:32,18.89,401.47
T000270,D0195,Mumbai,2026-08-30 18:05:22,2026-08-30 18:54:22,25.87,
T000271,D0145,Pune,2026-08-15 03:08:14,2026-08-15 03:22:14,-14.26,286.05
T000272,D0097,Mumbai,2026-08-03 07:09:02,2026-08-03 07:09:02,34.58,427.46
T000273,D0137,Chennai,2026-08-23 06:26:25,2026-08-23 06:28:25,2.15,40.72
T000274,D0197,Hyderabad,2026-08-03 02:27:26,2026-08-03 03:48:26,33.4,678.0
T000275,D0193,Pune,2026-08-07 14:37:54,2026-08-07 15:09:54,36.88,829.17
T000276,D0103,Chennai,2026-08-05 13:58:09,2026-08-05 14:14:09,14.52,315.33
T000277,D0193,Bangalore,2026-08-10 05:06:18,2026-08-10 05:27:18,17.86,394.66
T000278,D0108,Jaipur,2026-08-06 21:10:31,2026-08-06 22:17:31,-36.77,815.2
T000279,D0053,Kolkata,2026-08-20 17:46:29,2026-08-20 17:53:29,5.0,100.66
T000280,D0051,Kolkata,2026-08-05 10:20:22,2026-08-05 11:09:22,-32.76,728.22
T000281,D0164,Pune,2026-08-03 18:16:28,2026-08-03 18:27:28,,264.93
T000282,D0118,Ahmedabad,2026-08-21 17:39:31,2026-08-21 17:53:31,12.93,263.97
T000283,D0141,Mumbai,2026-08-17 03:15:29,2026-08-17 03:37:29,12.29,157.13
T000284,D0127,Hyderabad,2026-08-29 08:27:27,2026-08-29 09:18:27,21.04,396.11
T000285,D0170,Ahmedabad,2026-08-08 03:50:11,2026-08-08 04:14:11,19.93,449.75
T000286,D0078,Bangalore,2026-08-06 06:05:57,2026-08-06 06:19:57,13.48,273.54
T000287,D0093,Mumbai,2026-08-30 03:55:40,2026-08-30 04:45:40,27.56,360.96
T000288,D0061,Mumbai,2026-08-28 05:22:46,2026-08-28 05:33:46,,86.83
T000289,D0173,Kolkata,2026-08-22 12:34:47,2026-08-22 13:13:47,26.56,630.94
T000290,D0004,Pune,2026-08-17 16:13:42,2026-08-17 16:35:42,23.21,473.5
T000291,D0111,Kolkata,2026-08-18 19:39:34,2026-08-18 20:01:34,14.51,305.26
T000292,D0135,Delhi,2026-08-03 15:06:16,2026-08-03 15:16:16,11.54,240.2
T000293,D0035,Mumbai,2026-08-11 02:24:09,2026-08-11 03:10:09,21.99,294.86
T000294,D0153,Pune,2026-08-22 11:49:32,2026-08-22 12:15:32,29.11,607.55
T000295,D0055,Jaipur,2026-08-08 14:23:17,2026-08-08 14:50:17,14.64,279.68
T000296,D0079,Ahmedabad,2026-08-10 04:30:56,2026-08-10 05:01:56,28.46,672.35
T000297,D0185,Jaipur,2026-08-13 02:12:56,2026-08-13 02:31:56,10.25,201.58
T000298,D0025,Hyderabad,2026-08-09 15:37:40,2026-08-09 16:16:40,16.35,335.93
T000299,D0187,Jaipur,2026-08-11 18:20:34,2026-08-11 19:30:34,35.42,684.42
T000300,D0078,Pune,2026-08-01 08:19:36,2026-08-01 08:52:36,35.76,759.77
T000301,D0018,Ahmedabad,2026-08-29 14:24:32,2026-08-29 15:05:32,34.58,818.58
T000302,D0011,Delhi,2026-08-09 08:10:51,2026-08-09 08:21:51,11.39,209.03
T000303,D0016,Delhi,2026-08-18 09:10:42,2026-08-18 09:21:42,-11.76,214.49
T000304,D0123,Bangalore,2026-08-11 18:18:11,2026-08-11 18:56:11,31.84,673.31
T000305,D0049,Mumbai,2026-08-12 13:48:33,2026-08-12 14:52:33,36.02,463.76
T000306,D0125,Delhi,2026-08-02 23:41:21,2026-08-02 23:53:21,12.0,239.48
T000307,D0173,Delhi,2026-08-12 16:59:48,2026-08-12 17:16:48,18.88,379.42
T000308,D0037,Lucknow,2026-08-08 00:40:38,2026-08-08 00:40:38,11.81,136.95
T000309,D0174,Kolkata,2026-08-06 06:15:07,2026-08-06 06:41:07,14.6,333.87
T000310,D0180,Mumbai,2026-08-12 20:54:03,2026-08-12 21:21:03,13.29,184.61
T000311,D0166,Delhi,2026-08-17 03:48:35,2026-08-17 04:17:35,29.13,533.99
T000312,D0013,Kolkata,2026-08-23 11:47:58,2026-08-23 12:45:58,37.94,842.44
T000313,D0062,Ahmedabad,2026-08-27 06:52:44,2026-08-27 06:58:44,5.88,117.75
T000314,D0068,Bangalore,2026-08-29 17:35:57,2026-08-29 18:22:57,39.05,749.62
T000315,D0095,Hyderabad,2026-08-07 06:54:15,2026-08-07 08:23:15,38.35,717.57
T000316,D0055,Ahmedabad,2026-08-25 11:03:31,2026-08-25 11:17:31,12.7,289.76
T000317,D0049,Ahmedabad,2026-08-20 01:28:18,2026-08-20 01:33:18,4.11,92.03
T000318,D0086,Hyderabad,2026-08-21 16:31:33,2026-08-21 18:10:33,37.99,698.98
T000319,D0033,Bangalore,2026-08-28 19:05:48,2026-08-28 19:35:48,29.57,559.22
T000320,D0112,Pune,2026-08-29 15:25:36,2026-08-29 16:04:36,39.96,920.83
T000321,D0106,Lucknow,2026-08-15 19:08:49,2026-08-15 19:12:49,4.02,49.56
T000322,D0191,Ahmedabad,2026-08-19 23:15:59,2026-08-19 23:43:59,24.35,535.67
T000323,D0043,Pune,2026-08-05 14:21:14,2026-08-05 14:51:14,33.68,669.71
T000324,D0170,Chennai,2026-08-06 12:09:34,2026-08-06 12:13:34,3.85,74.08
T000325,D0033,Mumbai,2026-08-10 07:40:07,2026-08-10 07:47:07,3.34,41.02
T000326,D0008,Lucknow,2026-08-15 08:52:35,2026-08-15 09:07:35,15.06,189.3
T000327,D0190,Jaipur,2026-08-21 01:55:28,2026-08-21 02:48:28,28.67,635.35
T000328,D0047,Mumbai,2026-08-02 21:02:31,2026-08-02 22:11:31,32.83,427.24
T000329,D0114,Bangalore,2026-08-29 01:01:17,2026-08-29 01:28:17,25.82,
T000330,D0153,Bangalore,2026-08-06 12:00:22,2026-08-06 12:29:22,26.96,602.41
T000331,D0094,Pune,2026-08-14 05:05:44,2026-08-14 05:19:44,13.51,284.99
T000332,D0001,Chennai,2026-08-17 22:37:56,2026-08-17 22:42:56,4.77,100.19
T000333,D0067,Pune,2026-08-07 07:35:16,2026-08-07 07:59:16,27.89,577.43
T000334,D0141,Bangalore,2026-08-13 06:02:06,2026-08-13 06:18:06,14.16,278.32
T000335,D0051,Kolkata,2026-08-16 22:53:47,2026-08-16 23:24:47,17.57,356.71
T000336,D0175,Mumbai,2026-08-15 20:45:44,2026-08-15 21:42:44,29.67,385.56
T000337,D0030,Mumbai,2026-08-28 07:41:43,2026-08-28 07:48:43,3.26,46.9
T000338,D0083,Lucknow,2026-08-11 22:06:49,2026-08-11 22:44:49,39.77,462.6
T000339,D0035,Hyderabad,2026-08-01 01:07:08,2026-08-01 01:46:08,17.48,336.33
T000340,D0006,Pune,2026-08-24 08:21:21,2026-08-24 08:21:21,19.33,464.44
T000341,D0140,Mumbai,2026-08-04 20:11:37,2026-08-04 20:29:37,,110.3
T000342,D0189,Kolkata,2026-08-13 04:31:32,2026-08-13 04:42:32,7.5,172.29
T000343,D0097,Kolkata,2026-08-06 03:41:46,2026-08-06 03:55:46,8.81,198.47
T000344,D0052,Kolkata,2026-08-15 17:32:37,2026-08-15 17:52:37,11.26,224.09
T000345,D0151,Chennai,2026-08-18 22:42:47,2026-08-18 23:23:47,36.97,735.56
T000346,D0161,Jaipur,2026-08-12 20:47:57,2026-08-12 21:46:57,29.78,578.66
T000347,D0034,Kolkata,2026-08-10 10:52:19,2026-08-10 11:05:19,8.45,186.48
T000348,D0120,Kolkata,2026-08-23 02:59:13,2026-08-23 03:15:13,10.01,197.75
T000349,D0162,Chennai,2026-08-17 02:09:30,2026-08-17 02:17:30,7.03,139.32
T000350,D0194,Kolkata,2026-08-01 04:39:57,2026-08-01 05:08:57,16.52,369.15
T000351,D0023,Pune,2026-08-29 18:51:54,2026-08-29 19:24:54,36.8,855.52
T000352,D0082,Delhi,2026-08-01 19:27:45,2026-08-01 19:33:45,,127.32
T000353,D0018,Ahmedabad,2026-08-22 09:43:53,2026-08-22 10:27:53,36.03,
T000354,D0101,Lucknow,2026-08-24 13:21:15,2026-08-24 14:01:15,37.36,436.84
T000355,D0022,Kolkata,2026-08-14 15:26:56,2026-08-14 16:20:56,32.35,700.22
T000356,D0154,Hyderabad,2026-08-05 18:22:16,2026-08-05 18:37:16,7.14,137.17
T000357,D0105,Jaipur,2026-08-07 15:23:22,2026-08-07 15:35:22,6.29,121.62
T000358,D0036,Jaipur,2026-08-06 12:56:08,2026-08-06 14:00:08,35.61,696.6
T000359,D0109,Hyderabad,2026-08-29 07:27:06,2026-08-29 08:08:06,,310.41
T000360,D0135,Kolkata,2026-08-20 09:53:34,2026-08-20 09:53:34,28.9,620.23
T000361,D0094,Pune,2026-08-29 01:29:41,2026-08-29 02:04:41,39.93,895.48
T000362,D0194,Kolkata,2026-08-03 19:28:09,2026-08-03 19:38:09,6.49,148.58
T000363,D0022,Kolkata,2026-08-18 17:22:23,2026-08-18 18:19:23,37.88,771.26
T000364,D0004,Hyderabad,2026-08-06 02:39:14,2026-08-06 03:12:14,12.97,247.55
T000365,D0086,Kolkata,2026-08-10 13:48:12,2026-08-10 13:58:12,6.27,147.44
T000366,D0068,Chennai,2026-08-22 07:31:42,2026-08-22 07:52:42,-21.54,394.64
T000367,D0011,Bangalore,2026-08-27 12:36:01,2026-08-27 12:56:01,17.87,394.55
T000368,D0079,Chennai,2026-08-18 07:25:47,2026-08-18 07:40:47,13.56,297.12
T000369,D0151,Ahmedabad,2026-08-22 12:54:14,2026-08-22 13:03:14,7.8,184.24
T000370,D0193,Delhi,2026-08-07 11:30:09,2026-08-07 11:50:09,22.94,466.22
T000371,D0172,Lucknow,2026-08-05 12:03:25,2026-08-05 12:43:25,37.74,438.38
T000372,D0043,Lucknow,2026-08-06 08:21:05,2026-08-06 08:42:05,22.48,257.48
T000373,D0139,Chennai,2026-08-14 19:31:55,2026-08-14 20:11:55,35.09,729.67
T000374,D0136,Delhi,2026-08-16 19:29:26,2026-08-16 20:04:26,34.13,620.05
T000375,D0075,Bangalore,2026-08-15 02:51:09,2026-08-15 03:22:09,,533.35
T000376,D0092,Lucknow,2026-08-26 23:09:08,2026-08-26 23:24:08,14.63,194.59
T000377,D0181,Jaipur,2026-08-28 10:54:56,2026-08-28 11:36:56,21.73,468.44
T000378,D0103,Bangalore,2026-08-19 00:46:19,2026-08-19 01:11:19,23.79,525.57
T000379,D0028,Chennai,2026-08-02 12:10:26,2026-08-02 12:52:26,39.08,732.08
T000380,D0120,Ahmedabad,2026-08-02 23:14:21,2026-08-02 23:40:21,,549.88
T000381,D0124,Pune,2026-08-23 07:31:11,2026-08-23 07:54:11,27.0,622.55
T000382,D0009,Lucknow,2026-08-11 20:07:28,2026-08-11 20:25:28,18.12,
T000383,D0191,Mumbai,2026-08-11 20:07:35,2026-08-11 20:16:35,4.73,63.76
T000384,D0069,Jaipur,2026-08-19 16:56:08,2026-08-19 18:06:08,34.41,695.42
T000385,D0117,Kolkata,2026-08-14 13:52:06,2026-08-14 14:49:06,,755.96
T000386,D0022,Mumbai,2026-08-04 22:42:16,2026-08-04 23:49:16,32.98,487.98
T000387,D0081,Kolkata,2026-08-22 07:09:33,2026-08-22 07:44:33,20.19,439.27
T000388,D0073,Lucknow,2026-08-19 18:40:47,2026-08-19 18:48:47,8.29,93.5
T000389,D0011,Mumbai,2026-08-19 14:20:50,2026-08-19 14:53:50,17.83,243.55
T000390,D0040,Lucknow,2026-08-27 06:57:27,2026-08-27 07:21:27,25.04,283.73
T000391,D0006,Kolkata,2026-08-17 06:39:35,2026-08-17 07:24:35,26.03,546.65
T000392,D0176,Delhi,2026-08-29 23:58:25,2026-08-29 23:58:25,26.58,483.57
T000393,D0191,Bangalore,2026-08-29 05:32:45,2026-08-29 06:10:45,36.28,806.82
T000394,D0112,Ahmedabad,2026-08-29 10:45:26,2026-08-29 11:06:26,19.56,426.21
T000395,D0101,Jaipur,2026-08-26 14:05:21,2026-08-26 14:41:21,19.97,426.44
T000396,D0115,Ahmedabad,2026-08-14 00:59:19,2026-08-14 01:20:19,20.05,423.09
T000397,D0063,Kolkata,2026-08-27 19:26:15,2026-08-27 19:55:15,18.12,408.44
T000398,D0178,Jaipur,2026-08-29 02:52:01,2026-08-29 03:05:01,7.57,157.94
T000399,D0093,Kolkata,2026-08-13 21:33:19,2026-08-13 22:06:19,20.04,438.42
T000400,D0162,Jaipur,2026-08-06 08:26:24,2026-08-06 09:11:24,24.77,553.24
T000401,D0169,Jaipur,2026-08-26 04:00:26,2026-08-26 04:09:26,4.57,94.1
T000402,D0080,Kolkata,2026-08-20 05:18:41,2026-08-20 05:18:41,32.33,748.23
T000403,D0148,Ahmedabad,2026-08-12 20:42:41,2026-08-12 21:11:41,26.99,634.75
T000404,D0031,Delhi,2026-08-13 22:47:48,2026-08-13 22:56:48,10.19,205.43
T000405,D0194,Jaipur,2026-08-08 16:52:30,2026-08-08 18:13:30,39.84,
T000406,D0185,Pune,2026-08-15 05:59:12,2026-08-15 06:13:12,13.28,316.26
T000407,D0064,Chennai,2026-08-19 14:42:21,2026-08-19 15:09:21,,534.19
T000408,D0166,Ahmedabad,2026-08-01 06:18:46,2026-08-01 06:28:46,9.41,201.66
T000409,D0012,Jaipur,2026-08-04 09:28:22,2026-08-04 10:06:22,,369.55
T000410,D0198,Jaipur,2026-08-29 22:35:41,2026-08-29 23:35:41,,789.5
T000411,D0038,Hyderabad,2026-08-13 16:29:51,2026-08-13 17:38:51,26.28,485.77
T000412,D0136,Ahmedabad,2026-08-28 15:23:48,2026-08-28 15:30:48,5.64,116.6
T000413,D0016,Jaipur,2026-08-28 05:51:57,2026-08-28 06:22:57,-16.21,341.27
T000414,D0043,Kolkata,2026-08-16 23:10:35,2026-08-16 23:20:35,6.65,150.62
T000415,D0157,Pune,2026-08-23 08:45:11,2026-08-23 09:07:11,21.56,494.09
T000416,D0019,Ahmedabad,2026-08-18 01:34:18,2026-08-18 01:46:18,10.62,222.02
T000417,D0018,Kolkata,2026-08-10 19:59:17,2026-08-10 19:59:17,32.57,731.68
T000418,D0165,Delhi,2026-08-21 05:22:00,2026-08-21 05:51:00,28.24,528.44
T000419,D0015,Delhi,2026-08-03 00:55:03,2026-08-03 01:07:03,11.89,228.16
T000420,D0022,Ahmedabad,2026-08-15 12:33:10,2026-08-15 12:56:10,21.13,454.52
T000421,D0040,Chennai,2026-08-12 07:08:54,2026-08-12 07:49:54,37.68,705.26
T000422,D0113,Pune,2026-08-04 01:00:43,2026-08-04 01:00:43,35.62,770.34
T000423,D0187,Jaipur,2026-08-24 06:08:37,2026-08-24 06:44:37,19.93,415.12
T000424,D0102,Kolkata,2026-08-28 23:25:27,2026-08-29 00:18:27,32.49,691.09
T000425,D0027,Delhi,2026-08-09 17:06:51,2026-08-09 17:09:51,3.28,66.86
T000426,D0159,Ahmedabad,2026-08-02 08:26:04,2026-08-02 08:56:04,27.02,571.81
T000427,D0178,Ahmedabad,2026-08-06 10:04:43,2026-08-06 10:12:43,7.05,144.1
T000428,D0036,Bangalore,2026-08-11 23:02:27,2026-08-11 23:07:27,4.82,98.41
T000429,D0018,Mumbai,2026-08-01 09:53:17,2026-08-01 10:35:17,20.84,284.93
T000430,D0130,Delhi,2026-08-09 04:28:36,2026-08-09 04:48:36,20.72,417.61
T000431,D0111,Ahmedabad,2026-08-26 07:26:05,2026-08-26 07:29:05,2.44,48.52
T000432,D0142,Bangalore,2026-08-07 06:23:53,2026-08-07 06:55:53,28.75,635.53
T000433,D0155,Bangalore,2026-08-08 01:41:23,2026-08-08 01:53:23,12.08,245.93
T000434,D0127,Pune,2026-08-20 23:47:56,2026-08-21 00:24:56,37.36,785.42
T000435,D0059,Pune,2026-08-06 08:35:39,2026-08-06 08:42:39,7.32,145.79
T000436,D0100,Chennai,2026-08-12 19:14:13,2026-08-12 19:57:13,36.68,759.91
T000437,D0093,Jaipur,2026-08-02 05:36:17,2026-08-02 06:41:17,31.83,661.64
T000438,D0054,Ahmedabad,2026-08-05 17:46:32,2026-08-05 18:29:32,39.35,777.19
T000439,D0073,Kolkata,2026-08-15 05:50:08,2026-08-15 05:50:08,31.92,688.83
T000440,D0023,Ahmedabad,2026-08-26 14:01:07,2026-08-26 14:08:07,6.54,147.71
T000441,D0026,Chennai,2026-08-29 03:35:20,2026-08-29 03:59:20,24.07,462.52
T000442,D0085,Chennai,2026-08-18 02:09:51,2026-08-18 02:13:51,4.24,81.62
T000443,D0006,Jaipur,2026-08-14 18:35:30,2026-08-14 18:41:30,3.32,71.61
T000444,D0029,Ahmedabad,2026-08-28 17:25:51,2026-08-28 17:29:51,3.48,75.84
T000445,D0139,Pune,2026-08-18 14:09:38,2026-08-18 14:34:38,25.44,576.05
T000446,D0134,Jaipur,2026-08-23 12:59:36,2026-08-23 13:09:36,5.44,105.99
T000447,D0166,Ahmedabad,2026-08-08 17:29:01,2026-08-08 17:49:01,18.72,430.08
T000448,D0199,Hyderabad,2026-08-12 21:52:52,2026-08-12 22:52:52,24.56,502.15
T000449,D0181,Delhi,2026-08-06 04:13:02,2026-08-06 04:18:02,5.79,
T000450,D0127,Ahmedabad,2026-08-24 22:49:57,2026-08-24 23:05:57,14.92,323.8
T000451,D0162,Kolkata,2026-08-24 09:27:45,2026-08-24 10:19:45,34.49,690.58
T000452,D0022,Bangalore,2026-08-22 08:35:00,2026-08-22 09:09:00,30.03,619.23
T000453,D0081,Lucknow,2026-08-09 23:28:40,2026-08-09 23:31:40,2.79,33.56
T000454,D0166,Ahmedabad,2026-08-12 15:12:38,2026-08-12 15:28:38,15.73,361.93
T000455,D0046,Bangalore,2026-08-19 13:56:18,2026-08-19 14:06:18,,190.78
T000456,D0079,Mumbai,2026-08-04 16:32:35,2026-08-04 17:30:35,28.74,373.07
T000457,D0023,Hyderabad,2026-08-18 19:02:41,2026-08-18 20:00:41,22.3,447.92
T000458,D0014,Hyderabad,2026-08-20 05:19:14,2026-08-20 06:15:14,25.73,486.5
T000459,D0095,Chennai,2026-08-30 05:51:08,2026-08-30 06:24:08,32.3,691.33
T000460,D0140,Hyderabad,2026-08-29 15:13:40,2026-08-29 16:15:40,24.09,420.78
T000461,D0057,Pune,2026-08-30 00:49:47,2026-08-30 01:07:47,18.56,375.13
T000462,D0012,Chennai,2026-08-19 05:44:34,2026-08-19 06:10:34,25.12,
T000463,D0186,Ahmedabad,2026-08-15 11:10:01,2026-08-15 11:23:01,10.63,238.66
T000464,D0004,Lucknow,2026-08-17 06:21:35,2026-08-17 06:35:35,13.59,150.82
T000465,D0097,Hyderabad,2026-08-30 02:32:10,2026-08-30 02:32:10,7.75,160.69
T000466,D0030,Hyderabad,2026-08-14 14:21:29,2026-08-14 15:33:29,32.85,626.04
T000467,D0084,Ahmedabad,2026-08-16 22:07:02,2026-08-16 22:33:02,23.88,514.49
T000468,D0014,Pune,2026-08-06 04:58:07,2026-08-06 05:17:07,19.24,430.31
T000469,D0096,Chennai,2026-08-02 06:22:03,2026-08-02 06:28:03,5.31,97.67
T000470,D0126,Lucknow,2026-08-27 10:23:32,2026-08-27 10:59:32,38.36,518.14
T000471,D0096,Jaipur,2026-08-25 11:48:05,2026-08-25 12:06:05,9.6,218.51
T000472,D0025,Delhi,2026-08-20 10:01:58,2026-08-20 10:13:58,12.78,259.81
T000473,D0190,Pune,2026-08-03 06:26:06,2026-08-03 06:44:06,18.81,
T000474,D0194,Chennai,2026-08-24 02:14:40,2026-08-24 02:51:40,36.68,786.61
T000475,D0140,Jaipur,2026-08-05 13:44:02,2026-08-05 14:22:02,18.53,418.17
T000476,D0125,Pune,2026-08-14 19:09:52,2026-08-14 19:24:52,15.95,355.09
T000477,D0078,Kolkata,2026-08-15 09:01:43,2026-08-15 09:06:43,3.48,69.59
T000478,D0013,Jaipur,2026-08-21 16:33:55,2026-08-21 16:45:55,6.66,127.36
T000479,D0192,Ahmedabad,2026-08-22 17:30:38,2026-08-22 17:49:38,17.42,356.83
T000480,D0120,Ahmedabad,2026-08-26 04:14:13,2026-08-26 04:20:13,-5.54,113.62
T000481,D0059,Jaipur,2026-08-30 22:37:52,2026-08-30 23:15:52,21.13,468.03
T000482,D0175,Chennai,2026-08-06 16:03:59,2026-08-06 16:23:59,20.01,388.83
T000483,D0146,Bangalore,2026-08-12 16:13:06,2026-08-12 16:29:06,16.11,305.52
T000484,D0004,Kolkata,2026-08-22 10:48:21,2026-08-22 11:49:21,36.87,863.82
T000485,D0039,Hyderabad,2026-08-16 04:19:17,2026-08-16 05:20:17,24.47,460.0
T000486,D0160,Kolkata,2026-08-10 10:01:51,2026-08-10 11:07:51,37.91,824.85
T000487,D0071,Bangalore,2026-08-19 11:12:03,2026-08-19 11:54:03,39.84,834.32
T000488,D0169,Pune,2026-08-22 02:57:10,2026-08-22 03:17:10,,464.26
T000489,D0163,Mumbai,2026-08-17 05:23:52,2026-08-17 06:07:52,-21.83,274.54
T000490,D0097,Pune,2026-08-20 10:34:50,2026-08-20 11:06:50,-37.0,750.29
T000491,D0168,Jaipur,2026-08-17 22:48:00,2026-08-17 22:48:00,28.9,601.95
T000492,D0171,Pune,2026-08-18 05:54:29,2026-08-18 06:17:29,26.43,
T000493,D0110,Ahmedabad,2026-08-28 20:39:10,2026-08-28 21:01:10,20.92,455.0
T000494,D0076,Kolkata,2026-08-21 17:58:45,2026-08-21 18:57:45,36.47,764.97
T000495,D0199,Mumbai,2026-08-26 06:14:39,2026-08-26 06:18:39,2.16,31.42
T000496,D0146,Hyderabad,2026-08-10 13:56:17,2026-08-10 14:18:17,9.01,178.06
T000497,D0176,Mumbai,2026-08-24 06:03:42,2026-08-24 06:10:42,3.64,51.64
T000498,D0105,Jaipur,2026-08-10 08:04:35,2026-08-10 09:10:35,34.93,773.85
T000499,D0007,Pune,2026-08-26 19:56:38,2026-08-26 20:13:38,19.28,439.6
T000500,D0162,Chennai,2026-08-11 07:11:12,2026-08-11 07:27:12,15.57,323.31
T000501,D0141,Kolkata,2026-08-16 21:40:29,2026-08-16 21:43:29,2.14,44.9
T000502,D0125,Bangalore,2026-08-06 14:35:46,2026-08-06 15:18:46,35.99,707.31
T000503,D0160,Jaipur,2026-08-01 09:56:40,2026-08-01 10:01:40,2.49,56.13
T000504,D0039,Kolkata,2026-08-09 13:43:26,2026-08-09 14:07:26,15.06,
T000505,D0010,Pune,2026-08-02 17:14:40,2026-08-02 17:31:40,19.22,386.78
T000506,D0107,Mumbai,2026-08-30 18:31:04,2026-08-30 18:52:04,11.15,145.31
T000507,D0185,Bangalore,2026-08-08 07:13:37,2026-08-08 07:21:37,-6.9,136.0
T000508,D0124,Pune,2026-08-16 02:17:46,2026-08-16 02:49:46,-35.9,736.1
T000509,D0029,Mumbai,2026-08-25 06:43:21,2026-08-25 07:43:21,30.43,392.61
T000510,D0123,Pune,2026-08-11 22:42:56,2026-08-11 23:07:56,28.11,
T000511,D0079,Mumbai,2026-08-07 01:19:19,2026-08-07 02:11:19,29.2,393.36
T000512,D0020,Chennai,2026-08-25 16:03:47,2026-08-25 16:06:47,2.87,59.58
T000513,D0179,Chennai,2026-08-29 13:25:09,2026-08-29 14:02:09,37.36,693.92
T000514,D0141,Pune,2026-08-25 09:01:20,2026-08-25 09:06:20,5.99,134.94
T000515,D0138,Delhi,2026-08-04 06:49:18,2026-08-04 06:52:18,2.73,50.29
T000516,D0056,Chennai,2026-08-04 15:30:01,2026-08-04 16:07:01,33.93,685.99
T000517,D0055,Chennai,2026-08-27 09:56:55,2026-08-27 10:40:55,37.97,
T000518,D0194,Pune,2026-08-19 13:07:12,2026-08-19 13:16:12,10.31,229.1
T000519,D0177,Pune,2026-08-30 17:29:07,2026-08-30 17:50:07,23.34,
T000520,D0071,Jaipur,2026-08-22 00:01:28,2026-08-22 00:13:28,6.93,160.21
T000521,D0108,Hyderabad,2026-08-02 11:05:13,2026-08-02 12:10:13,28.76,551.37
T000522,D0008,Chennai,2026-08-19 08:20:21,2026-08-19 08:52:21,31.45,616.68
T000523,D0158,Kolkata,2026-08-03 07:30:46,2026-08-03 07:39:46,-5.78,124.23
T000524,D0173,Pune,2026-08-11 10:17:53,2026-08-11 10:19:53,2.41,
T000525,D0165,Lucknow,2026-08-07 11:00:41,2026-08-07 11:39:41,35.44,459.73
T000526,D0187,Jaipur,2026-08-04 15:45:01,2026-08-04 16:56:01,35.43,725.09
T000527,D0176,Chennai,2026-08-09 11:36:34,2026-08-09 11:36:34,26.3,538.4
T000528,D0119,Ahmedabad,2026-08-12 17:11:21,2026-08-12 17:38:21,22.52,463.32
T000529,D0056,Delhi,2026-08-12 19:24:03,2026-08-12 19:43:03,21.76,458.5
T000530,D0077,Ahmedabad,2026-08-13 11:12:35,2026-08-13 11:52:35,38.56,824.39
T000531,D0177,Mumbai,2026-08-14 04:18:11,2026-08-14 04:33:11,7.42,108.7
T000532,D0035,Chennai,2026-08-26 15:01:22,2026-08-26 15:16:22,14.74,317.29
T000533,D0049,Kolkata,2026-08-20 13:02:44,2026-08-20 13:44:44,-25.11,514.39
T000534,D0132,Hyderabad,2026-08-13 04:05:21,2026-08-13 04:56:21,20.07,419.2
T000535,D0004,Chennai,2026-08-02 00:34:03,2026-08-02 01:10:03,32.58,685.16
T000536,D0139,Delhi,2026-08-06 02:10:49,2026-08-06 02:21:49,12.36,258.92
T000537,D0056,Bangalore,2026-08-11 22:09:39,2026-08-11 22:52:39,,813.05
T000538,D0111,Bangalore,2026-08-28 11:57:10,2026-08-28 12:05:10,7.3,151.03
T000539,D0099,Mumbai,2026-08-18 05:44:11,2026-08-18 05:49:11,2.9,39.11
T000540,D0069,Bangalore,2026-08-09 02:49:15,2026-08-09 03:10:15,20.57,385.1
T000541,D0014,Pune,2026-08-14 08:57:45,2026-08-14 08:59:45,2.17,51.46
T000542,D0132,Lucknow,2026-08-26 20:42:39,2026-08-26 20:46:39,3.46,46.49
T000543,D0044,Pune,2026-08-08 21:50:53,2026-08-08 22:24:53,34.84,790.73
T000544,D0120,Lucknow,2026-08-11 08:11:35,2026-08-11 08:33:35,-23.97,274.01
T000545,D0039,Lucknow,2026-08-05 09:42:32,2026-08-05 10:03:32,22.4,294.84
T000546,D0034,Jaipur,2026-08-05 06:02:16,2026-08-05 06:02:16,38.45,735.46
T000547,D0093,Kolkata,2026-08-24 03:02:30,2026-08-24 04:08:30,39.33,778.32
T000548,D0059,Chennai,2026-08-27 16:20:19,2026-08-27 16:54:19,32.91,668.28
T000549,D0176,Bangalore,2026-08-23 18:08:37,2026-08-23 18:40:37,27.73,514.95
T000550,D0037,Ahmedabad,2026-08-29 13:18:50,2026-08-29 13:49:50,25.04,535.85
T000551,D0037,Chennai,2026-08-24 19:47:23,2026-08-24 20:05:23,16.59,360.25
T000552,D0112,Ahmedabad,2026-08-10 12:51:02,2026-08-10 13:15:02,-19.97,467.47
T000553,D0133,Hyderabad,2026-08-17 07:59:19,2026-08-17 08:29:19,12.68,242.73
T000554,D0173,Ahmedabad,2026-08-24 08:20:17,2026-08-24 08:29:17,9.23,215.81
T000555,D0003,Pune,2026-08-01 14:17:01,2026-08-01 14:51:01,34.23,690.35
T000556,D0153,Mumbai,2026-08-18 01:40:36,2026-08-18 01:54:36,6.79,84.96
T000557,D0155,Pune,2026-08-09 21:51:30,2026-08-09 21:56:30,4.65,96.75
T000558,D0061,Chennai,2026-08-01 00:53:02,2026-08-01 01:32:02,39.13,848.09
T000559,D0024,Pune,2026-08-04 00:19:28,2026-08-04 00:41:28,23.13,
T000560,D0194,Mumbai,2026-08-06 07:32:19,2026-08-06 08:04:19,17.38,220.08
T000561,D0063,Lucknow,2026-08-06 09:25:33,2026-08-06 09:27:33,2.34,27.41
T000562,D0016,Bangalore,2026-08-14 03:39:50,2026-08-14 03:50:50,10.2,216.51
T000563,D0146,Mumbai,2026-08-26 00:54:21,2026-08-26 01:04:21,5.67,81.6
T000564,D0154,Delhi,2026-08-02 11:48:57,2026-08-02 12:20:57,,631.63
T000565,D0132,Kolkata,2026-08-30 21:39:11,2026-08-30 22:36:11,35.1,819.79
T000566,D0144,Pune,2026-08-21 06:36:24,2026-08-21 06:39:24,3.11,
T000567,D0084,Bangalore,2026-08-06 01:13:46,2026-08-06 01:20:46,6.46,144.81
T000568,D0146,Pune,2026-08-14 23:45:09,2026-08-15 00:02:09,17.62,395.86
T000569,D0060,Hyderabad,2026-08-28 10:10:12,2026-08-28 10:44:12,14.85,280.84
T000570,D0055,Ahmedabad,2026-08-04 22:13:36,2026-08-04 22:38:36,20.08,423.24
T000571,D0024,Bangalore,2026-08-08 01:23:07,2026-08-08 01:35:07,11.05,239.59
T000572,D0103,Bangalore,2026-08-28 04:07:13,2026-08-28 04:36:13,26.85,528.33
T000573,D0086,Pune,2026-08-25 13:06:26,2026-08-25 13:13:26,8.02,181.49
T000574,D0046,Ahmedabad,2026-08-03 03:50:22,2026-08-03 04:27:22,35.95,803.5
T000575,D0138,Lucknow,2026-08-08 21:00:14,2026-08-08 21:04:14,4.36,48.33
T000576,D0158,Lucknow,2026-08-26 07:31:47,2026-08-26 07:50:47,20.17,261.87
T000577,D0057,Bangalore,2026-08-06 18:38:32,2026-08-06 18:44:32,5.84,125.04
T000578,D0197,Hyderabad,2026-08-02 11:57:55,2026-08-02 13:11:55,31.43,631.42
T000579,D0033,Jaipur,2026-08-24 11:58:42,2026-08-24 12:23:42,12.68,286.39
T000580,D0031,Hyderabad,2026-08-13 00:19:32,2026-08-13 01:36:32,33.34,616.93
T000581,D0052,Jaipur,2026-08-24 01:01:55,2026-08-24 01:28:55,15.5,320.57
T000582,D0004,Jaipur,2026-08-29 15:27:30,2026-08-29 16:08:30,22.55,460.6
T000583,D0041,Jaipur,2026-08-09 03:08:24,2026-08-09 04:01:24,28.9,640.03
T000584,D0124,Bangalore,2026-08-08 23:17:42,2026-08-08 23:55:42,36.05,777.76
T000585,D0007,Hyderabad,2026-08-25 00:48:12,2026-08-25 01:38:12,19.92,361.5
T000586,D0144,Jaipur,2026-08-07 15:57:46,2026-08-07 16:29:46,17.9,398.32
T000587,D0169,Lucknow,2026-08-04 21:55:14,2026-08-04 22:27:14,29.37,396.14
T000588,D0024,Mumbai,2026-08-08 18:02:49,2026-08-08 18:06:49,,30.31
T000589,D0018,Chennai,2026-08-18 00:01:13,2026-08-18 00:25:13,21.92,407.54
T000590,D0157,Ahmedabad,2026-08-02 13:57:12,2026-08-02 14:23:12,22.22,516.13
T000591,D0052,Kolkata,2026-08-14 05:05:49,2026-08-14 05:12:49,4.03,79.79
T000592,D0137,Chennai,2026-08-06 15:51:03,2026-08-06 16:31:03,34.3,708.21
T000593,D0037,Jaipur,2026-08-14 15:13:03,2026-08-14 16:06:03,26.25,511.87
T000594,D0181,Jaipur,2026-08-10 06:15:06,2026-08-10 06:35:06,11.74,230.94
T000595,D0081,Ahmedabad,2026-08-20 07:53:59,2026-08-20 08:15:59,19.21,424.35
T000596,D0072,Chennai,2026-08-08 21:01:51,2026-08-08 21:24:51,-20.9,418.31
T000597,D0187,Ahmedabad,2026-08-13 02:24:39,2026-08-13 02:30:39,4.85,94.9
T000598,D0184,Delhi,2026-08-25 18:02:01,2026-08-25 18:23:01,23.94,515.57
T000599,D0007,Mumbai,2026-08-26 00:09:54,2026-08-26 01:20:54,39.92,567.17
T000600,D0098,Kolkata,2026-08-10 16:23:29,2026-08-10 16:39:29,10.26,210.59
T000601,D0036,Mumbai,2026-08-27 15:22:04,2026-08-27 15:26:04,2.4,34.19
T000602,D0174,Hyderabad,2026-08-11 11:11:14,2026-08-11 12:38:14,39.91,720.75
T000603,D0187,Pune,2026-08-04 05:59:12,2026-08-04 06:15:12,19.21,453.5
T000604,D0140,Hyderabad,2026-08-06 00:26:26,2026-08-06 01:51:26,34.39,631.16
T000605,D0148,Hyderabad,2026-08-14 21:28:36,2026-08-14 22:52:36,35.73,735.59
T000606,D0163,Ahmedabad,2026-08-27 02:03:49,2026-08-27 02:18:49,14.67,334.7
T000607,D0092,Mumbai,2026-08-10 07:54:44,2026-08-10 08:25:44,16.27,216.0
T000608,D0188,Delhi,2026-08-12 01:52:31,2026-08-12 02:10:31,20.17,357.3
T000609,D0091,Delhi,2026-08-20 21:12:08,2026-08-20 21:38:08,28.05,511.25
T000610,D0040,Kolkata,2026-08-21 15:48:02,2026-08-21 16:06:02,,279.18
T000611,D0185,Lucknow,2026-08-16 01:46:49,2026-08-16 02:12:49,-25.87,322.58
T000612,D0193,Chennai,2026-08-02 22:01:25,2026-08-02 22:44:25,-39.46,710.54
T000613,D0114,Ahmedabad,2026-08-13 18:39:06,2026-08-13 18:47:06,7.6,157.33
T000614,D0120,Jaipur,2026-08-13 08:21:43,2026-08-13 08:21:43,27.69,583.39
T000615,D0038,Ahmedabad,2026-08-23 05:29:48,2026-08-23 05:39:48,7.98,186.12
T000616,D0195,Pune,2026-08-14 12:58:45,2026-08-14 13:26:45,30.68,726.7
T000617,D0194,Lucknow,2026-08-16 07:46:42,2026-08-16 07:49:42,-2.57,31.5
T000618,D0007,Mumbai,2026-08-08 19:46:29,2026-08-08 19:59:29,6.62,86.86
T000619,D0072,Delhi,2026-08-10 21:27:44,2026-08-10 21:38:44,12.71,242.78
T000620,D0050,Lucknow,2026-08-02 06:51:15,2026-08-02 06:51:15,8.99,110.51
T000621,D0027,Ahmedabad,2026-08-30 18:39:08,2026-08-30 18:52:08,11.04,225.9
T000622,D0144,Chennai,2026-08-02 10:47:52,2026-08-02 11:24:52,-33.87,705.85
T000623,D0028,Kolkata,2026-08-21 14:09:10,2026-08-21 15:03:10,33.88,757.31
T000624,D0164,Pune,2026-08-17 11:15:01,2026-08-17 11:20:01,5.33,105.09
T000625,D0116,Chennai,2026-08-14 02:58:36,2026-08-14 03:21:36,,443.13
T000626,D0074,Hyderabad,2026-08-29 01:30:29,2026-08-29 02:06:29,15.15,302.76
T000627,D0033,Jaipur,2026-08-02 08:53:12,2026-08-02 09:21:12,14.68,329.9
T000628,D0050,Hyderabad,2026-08-17 16:32:16,2026-08-17 17:38:16,24.94,439.7
T000629,D0190,Mumbai,2026-08-24 05:27:48,2026-08-24 06:20:48,29.96,418.71
T000630,D0088,Hyderabad,2026-08-16 07:49:12,2026-08-16 08:05:12,6.09,108.91
T000631,D0167,Chennai,2026-08-01 03:04:40,2026-08-01 03:44:40,39.63,761.16
T000632,D0084,Bangalore,2026-08-21 08:55:02,2026-08-21 09:00:02,4.79,98.95
T000633,D0059,Lucknow,2026-08-12 05:51:35,2026-08-12 06:19:35,29.14,357.21
T000634,D0030,Hyderabad,2026-08-30 13:40:26,2026-08-30 14:01:26,-9.64,197.73
T000635,D0173,Bangalore,2026-08-19 17:26:45,2026-08-19 18:05:45,35.52,691.38
T000636,D0196,Ahmedabad,2026-08-19 02:09:51,2026-08-19 02:34:51,23.99,525.7
T000637,D0038,Lucknow,2026-08-25 03:22:37,2026-08-25 03:22:37,29.03,390.06
T000638,D0174,Bangalore,2026-08-28 08:33:32,2026-08-28 08:46:32,11.64,230.01
T000639,D0125,Pune,2026-08-27 04:43:32,2026-08-27 04:43:32,15.86,342.11
T000640,D0133,Pune,2026-08-26 19:32:06,2026-08-26 19:51:06,19.97,436.03
T000641,D0103,Pune,2026-08-20 21:32:58,2026-08-20 21:44:58,11.46,257.34
T000642,D0053,Bangalore,2026-08-06 16:36:10,2026-08-06 17:08:10,30.79,669.66
T000643,D0055,Lucknow,2026-08-06 07:37:46,2026-08-06 08:19:46,38.77,479.52
T000644,D0069,Jaipur,2026-08-10 17:23:52,2026-08-10 17:44:52,11.11,244.09
T000645,D0154,Delhi,2026-08-23 22:08:49,2026-08-23 22:39:49,,646.05
T000646,D0126,Hyderabad,2026-08-11 02:26:58,2026-08-11 02:42:58,7.07,146.9
T000647,D0080,Chennai,2026-08-15 17:28:58,2026-08-15 17:28:58,8.24,176.88
T000648,D0026,Lucknow,2026-08-28 06:56:43,2026-08-28 07:17:43,20.92,240.24
T000649,D0019,Chennai,2026-08-05 02:02:28,2026-08-05 02:08:28,5.33,107.76
T000650,D0196,Ahmedabad,2026-08-30 09:05:39,2026-08-30 09:32:39,26.51,631.94
T000651,D0037,Mumbai,2026-08-04 21:39:19,2026-08-04 21:45:19,2.94,39.56
T000652,D0028,Mumbai,2026-08-28 14:22:20,2026-08-28 14:51:20,14.52,214.77
T000653,D0098,Delhi,2026-08-04 18:44:43,2026-08-04 18:46:43,2.35,50.13
T000654,D0193,Jaipur,2026-08-06 03:11:24,2026-08-06 04:00:24,26.26,524.38
T000655,D0078,Chennai,2026-08-23 01:14:17,2026-08-23 01:17:17,3.07,
T000656,D0150,Bangalore,2026-08-23 22:31:43,2026-08-23 22:57:43,23.75,453.32
T000657,D0173,Chennai,2026-08-09 11:22:11,2026-08-09 11:59:11,37.54,701.51
T000658,D0127,Chennai,2026-08-13 18:59:23,2026-08-13 19:36:23,38.1,754.01
T000659,D0076,Bangalore,2026-08-13 12:57:40,2026-08-13 13:24:40,26.6,551.25
T000660,D0064,Bangalore,2026-08-26 16:59:33,2026-08-26 17:02:33,3.51,64.67
T000661,D0101,Pune,2026-08-27 00:49:38,2026-08-27 00:56:38,7.68,163.87
T000662,D0112,Kolkata,2026-08-14 00:22:16,2026-08-14 01:04:16,28.55,607.03
T000663,D0196,Pune,2026-08-14 14:32:35,2026-08-14 14:59:35,27.32,545.95
T000664,D0136,Mumbai,2026-08-02 02:25:13,2026-08-02 03:03:13,21.63,269.65
T000665,D0037,Jaipur,2026-08-19 23:40:03,2026-08-20 00:42:03,34.21,754.19
T000666,D0010,Delhi,2026-08-29 08:42:30,2026-08-29 09:09:30,27.54,491.96
T000667,D0169,Bangalore,2026-08-18 21:12:10,2026-08-18 21:38:10,23.33,512.27
T000668,D0163,Delhi,2026-08-17 15:54:34,2026-08-17 16:29:34,39.17,697.46
T000669,D0130,Mumbai,2026-08-16 17:17:41,2026-08-16 18:01:41,21.49,302.03
T000670,D0121,Kolkata,2026-08-25 06:13:40,2026-08-25 06:40:40,17.33,359.88
T000671,D0095,Mumbai,2026-08-12 08:50:04,2026-08-12 09:21:04,14.62,195.67
T000672,D0054,Hyderabad,2026-08-05 20:57:15,2026-08-05 22:19:15,35.87,698.37
T000673,D0095,Mumbai,2026-08-08 01:50:10,2026-08-08 01:50:10,16.91,209.85
T000674,D0044,Ahmedabad,2026-08-15 08:15:55,2026-08-15 09:01:55,39.39,870.12
T000675,D0126,Chennai,2026-08-05 20:30:49,2026-08-05 20:55:49,22.98,499.94
T000676,D0069,Ahmedabad,2026-08-26 19:50:18,2026-08-26 20:16:18,22.57,482.76
T000677,D0134,Lucknow,2026-08-16 11:53:30,2026-08-16 12:25:30,33.7,380.54
T000678,D0124,Lucknow,2026-08-10 20:08:53,2026-08-10 20:08:53,34.0,406.67
T000679,D0055,Hyderabad,2026-08-20 10:14:35,2026-08-20 11:40:35,35.27,656.35
T000680,D0124,Delhi,2026-08-10 02:01:20,2026-08-10 02:11:20,9.2,184.54
T000681,D0115,Ahmedabad,2026-08-18 08:08:38,2026-08-18 08:39:38,25.31,602.44
T000682,D0046,Kolkata,2026-08-09 01:18:15,2026-08-09 01:30:15,7.96,173.34
T000683,D0190,Pune,2026-08-05 17:34:33,2026-08-05 17:56:33,21.84,449.35
T000684,D0055,Kolkata,2026-08-04 21:38:36,2026-08-04 22:16:36,22.7,447.75
T000685,D0005,Hyderabad,2026-08-08 06:40:04,2026-08-08 07:41:04,26.33,528.48
T000686,D0190,Ahmedabad,2026-08-05 19:27:25,2026-08-05 19:48:25,18.25,422.62
T000687,D0163,Lucknow,2026-08-16 08:04:14,2026-08-16 08:46:14,39.72,527.58
T000688,D0053,Delhi,2026-08-28 16:49:05,2026-08-28 17:02:05,,251.48
T000689,D0180,Chennai,2026-08-07 03:02:35,2026-08-07 03:20:35,17.04,340.11
T000690,D0165,Chennai,2026-08-27 11:21:30,2026-08-27 11:28:30,6.71,120.73
T000691,D0082,Pune,2026-08-29 07:10:02,2026-08-29 07:31:02,23.94,536.53
T000692,D0086,Bangalore,2026-08-17 01:45:23,2026-08-17 02:03:23,16.47,355.36
T000693,D0100,Jaipur,2026-08-10 10:12:39,2026-08-10 10:21:39,5.05,105.62
T000694,D0044,Kolkata,2026-08-04 03:30:09,2026-08-04 04:25:09,31.29,729.71
T000695,D0115,Mumbai,2026-08-16 10:26:19,2026-08-16 11:20:19,26.5,328.35
T000696,D0113,Delhi,2026-08-12 08:51:49,2026-08-12 09:10:49,18.1,
T000697,D0078,Chennai,2026-08-12 18:03:29,2026-08-12 18:09:29,5.08,96.76
T000698,D0048,Ahmedabad,2026-08-14 03:44:57,2026-08-14 03:46:57,2.06,42.12
T000699,D0080,Ahmedabad,2026-08-24 12:58:15,2026-08-24 13:27:15,24.31,505.82
T000700,D0041,Kolkata,2026-08-27 06:42:23,2026-08-27 07:36:23,36.36,815.08
T000701,D0015,Bangalore,2026-08-28 00:03:28,2026-08-28 00:41:28,31.84,686.37
T000702,D0011,Lucknow,2026-08-03 07:47:04,2026-08-03 07:53:04,5.76,69.85
T000703,D0150,Hyderabad,2026-08-12 14:59:25,2026-08-12 15:37:25,16.13,312.49
T000704,D0145,Delhi,2026-08-07 05:10:49,2026-08-07 05:39:49,29.98,619.58
T000705,D0032,Hyderabad,2026-08-17 06:12:55,2026-08-17 07:47:55,39.23,747.47
T000706,D0054,Chennai,2026-08-09 01:00:55,2026-08-09 01:08:55,7.39,161.22
T000707,D0077,Lucknow,2026-08-08 03:08:04,2026-08-08 03:25:04,17.6,206.5
T000708,D0168,Hyderabad,2026-08-23 20:38:16,2026-08-23 21:55:16,29.87,545.17
T000709,D0045,Bangalore,2026-08-04 03:13:10,2026-08-04 03:44:10,30.81,636.82
T000710,D0123,Jaipur,2026-08-10 07:45:51,2026-08-10 07:54:51,,107.7
T000711,D0062,Mumbai,2026-08-02 16:56:18,2026-08-02 18:03:18,38.04,505.91
T000712,D0134,Jaipur,2026-08-08 22:44:21,2026-08-09 00:02:21,38.09,844.83
T000713,D0116,Chennai,2026-08-08 02:37:23,2026-08-08 03:15:23,36.06,657.68
T000714,D0132,Mumbai,2026-08-27 16:20:09,2026-08-27 16:26:09,2.87,36.53
T000715,D0022,Ahmedabad,2026-08-19 18:52:01,2026-08-19 19:36:01,37.34,758.0
T000716,D0200,Delhi,2026-08-13 18:29:28,2026-08-13 18:43:28,15.04,313.1
T000717,D0181,Hyderabad,2026-08-01 10:06:48,2026-08-01 11:14:48,27.64,564.48
T000718,D0167,Mumbai,2026-08-23 17:48:06,2026-08-23 19:05:06,-39.18,488.09
T000719,D0058,Bangalore,2026-08-18 06:50:44,2026-08-18 07:18:44,23.88,
T000720,D0080,Jaipur,2026-08-01 18:25:40,2026-08-01 19:28:40,35.49,715.03
T000721,D0068,Mumbai,2026-08-30 13:08:37,2026-08-30 13:15:37,,44.07
T000722,D0111,Bangalore,2026-08-20 13:55:05,2026-08-20 13:58:05,2.86,56.37
T000723,D0085,Hyderabad,2026-08-11 16:56:23,2026-08-11 18:01:23,26.91,468.25
T000724,D0184,Kolkata,2026-08-02 23:34:56,2026-08-02 23:44:56,6.48,127.23
T000725,D0168,Kolkata,2026-08-11 09:01:52,2026-08-11 09:56:52,37.24,748.97
T000726,D0132,Hyderabad,2026-08-22 13:08:16,2026-08-22 14:01:16,20.43,405.78
T000727,D0186,Mumbai,2026-08-29 17:27:45,2026-08-29 18:35:45,,447.59
T000728,D0093,Ahmedabad,2026-08-27 10:35:05,2026-08-27 11:07:05,28.57,590.67
T000729,D0193,Pune,2026-08-14 02:56:46,2026-08-14 03:08:46,14.76,335.65
T000730,D0037,Mumbai,2026-08-25 14:50:14,2026-08-25 15:57:14,36.07,526.66
T000731,D0122,Hyderabad,2026-08-20 18:48:42,2026-08-20 19:30:42,17.17,357.18
T000732,D0010,Delhi,2026-08-26 07:36:05,2026-08-26 07:36:05,23.84,468.99
T000733,D0186,Delhi,2026-08-13 08:15:53,2026-08-13 08:37:53,24.03,490.66
T000734,D0077,Ahmedabad,2026-08-05 01:44:46,2026-08-05 02:19:46,30.66,674.61
T000735,D0018,Chennai,2026-08-15 10:28:11,2026-08-15 10:42:11,13.65,291.64
T000736,D0108,Ahmedabad,2026-08-15 14:49:11,2026-08-15 15:00:11,10.38,206.55
T000737,D0047,Jaipur,2026-08-29 14:02:09,2026-08-29 15:11:09,35.96,715.62
T000738,D0163,Mumbai,2026-08-20 01:16:48,2026-08-20 02:29:48,34.98,513.54
T000739,D0159,Mumbai,2026-08-14 13:20:05,2026-08-14 13:48:05,16.05,198.22
T000740,D0097,Bangalore,2026-08-08 06:18:41,2026-08-08 06:27:41,7.55,167.22
T000741,D0167,Bangalore,2026-08-17 19:39:44,2026-08-17 20:19:44,-33.35,723.2
T000742,D0075,Jaipur,2026-08-02 21:15:53,2026-08-02 21:57:53,20.94,417.76
T000743,D0141,Ahmedabad,2026-08-17 20:53:48,2026-08-17 21:10:48,15.38,
T000744,D0118,Bangalore,2026-08-11 14:03:23,2026-08-11 14:18:23,13.84,266.34
T000745,D0013,Pune,2026-08-09 11:12:27,2026-08-09 11:43:27,34.38,694.2
T000746,D0079,Ahmedabad,2026-08-19 01:48:39,2026-08-19 02:02:39,11.38,261.06
T000747,D0040,Lucknow,2026-08-01 01:49:28,2026-08-01 02:02:28,11.19,146.67
T000748,D0100,Hyderabad,2026-08-03 05:27:01,2026-08-03 06:44:01,34.88,668.28
T000749,D0056,Chennai,2026-08-09 15:09:39,2026-08-09 15:38:39,-28.6,616.75
T000750,D0111,Bangalore,2026-08-02 22:17:08,2026-08-02 22:45:08,24.76,505.7
T000751,D0189,Pune,2026-08-01 12:27:15,2026-08-01 12:52:15,28.46,638.87
T000752,D0048,Chennai,2026-08-26 02:07:24,2026-08-26 02:46:24,34.91,649.27
T000753,D0130,Lucknow,2026-08-24 08:19:49,2026-08-24 08:35:49,16.81,223.05
T000754,D0133,Bangalore,2026-08-26 11:00:03,2026-08-26 11:17:03,14.37,289.04
T000755,D0152,Pune,2026-08-15 19:34:50,2026-08-15 20:06:50,34.59,
T000756,D0078,Delhi,2026-08-02 02:13:45,2026-08-02 02:46:45,33.12,650.57
T000757,D0105,Hyderabad,2026-08-01 23:17:43,2026-08-02 00:08:43,20.45,388.83
T000758,D0011,Pune,2026-08-09 07:20:16,2026-08-09 07:44:16,25.25,508.11
T000759,D0093,Ahmedabad,2026-08-29 22:04:15,2026-08-29 22:26:15,19.99,413.27
T000760,D0146,Ahmedabad,2026-08-27 09:18:37,2026-08-27 09:59:37,38.5,919.02
T000761,D0137,Hyderabad,2026-08-03 06:04:16,2026-08-03 07:35:16,35.17,626.34
T000762,D0035,Jaipur,2026-08-15 18:16:12,2026-08-15 19:07:12,25.79,556.58
T000763,D0036,Jaipur,2026-08-05 23:06:40,2026-08-06 00:11:40,34.22,732.11
T000764,D0195,Lucknow,2026-08-12 12:47:16,2026-08-12 13:21:16,30.83,354.96
T000765,D0183,Delhi,2026-08-16 16:29:35,2026-08-16 17:02:35,34.78,655.69
T000766,D0063,Mumbai,2026-08-15 11:41:09,2026-08-15 12:20:09,21.07,263.46
T000767,D0171,Delhi,2026-08-10 06:40:30,2026-08-10 06:46:30,5.62,115.77
T000768,D0006,Lucknow,2026-08-25 01:00:21,2026-08-25 01:37:21,39.81,440.57
T000769,D0059,Mumbai,2026-08-18 23:51:14,2026-08-19 00:22:14,17.1,250.42
T000770,D0163,Ahmedabad,2026-08-30 13:02:16,2026-08-30 13:22:16,18.06,392.33
T000771,D0020,Lucknow,2026-08-05 21:06:42,2026-08-05 21:39:42,-34.62,407.56
T000772,D0005,Jaipur,2026-08-29 07:22:19,2026-08-29 08:28:19,,755.9
T000773,D0195,Bangalore,2026-08-05 10:37:34,2026-08-05 10:39:34,2.01,44.66
T000774,D0040,Pune,2026-08-21 13:10:59,2026-08-21 13:23:59,13.84,312.89
T000775,D0038,Hyderabad,2026-08-28 06:20:48,2026-08-28 07:11:48,22.26,441.65
T000776,D0057,Pune,2026-08-05 20:27:50,2026-08-05 20:39:50,,287.24
T000777,D0054,Delhi,2026-08-23 17:35:50,2026-08-23 18:03:50,-30.87,550.1
T000778,D0132,Lucknow,2026-08-23 02:38:27,2026-08-23 02:55:27,16.18,
T000779,D0147,Pune,2026-08-21 13:12:56,2026-08-21 13:38:56,29.36,613.23
T000780,D0005,Ahmedabad,2026-08-24 07:49:56,2026-08-24 07:49:56,35.01,710.22
T000781,D0128,Jaipur,2026-08-28 22:19:07,2026-08-28 22:40:07,10.7,225.68
T000782,D0088,Pune,2026-08-19 16:37:52,2026-08-19 16:55:52,21.13,423.11
T000783,D0061,Chennai,2026-08-25 00:08:06,2026-08-25 00:25:06,17.23,371.54
T000784,D0168,Ahmedabad,2026-08-03 11:48:59,2026-08-03 12:15:59,24.29,557.5
T000785,D0091,Kolkata,2026-08-02 13:33:19,2026-08-02 14:30:19,33.01,663.5
T000786,D0031,Delhi,2026-08-30 13:41:40,2026-08-30 13:48:40,7.72,142.54
T000787,D0106,Bangalore,2026-08-25 16:05:36,2026-08-25 16:47:36,37.11,690.85
T000788,D0138,Lucknow,2026-08-09 10:59:39,2026-08-09 10:59:39,10.07,134.56
T000789,D0035,Hyderabad,2026-08-11 14:41:25,2026-08-11 16:11:25,36.75,699.74
T000790,D0102,Pune,2026-08-10 11:42:17,2026-08-10 12:08:17,27.43,587.47
T000791,D0113,Pune,2026-08-22 04:19:01,2026-08-22 04:38:01,,453.13
T000792,D0047,Lucknow,2026-08-20 05:40:42,2026-08-20 06:03:42,21.34,251.44
T000793,D0161,Chennai,2026-08-25 14:00:20,2026-08-25 14:12:20,11.29,243.0
T000794,D0173,Mumbai,2026-08-21 05:19:44,2026-08-21 06:17:44,-32.82,489.42
T000795,D0179,Bangalore,2026-08-14 20:29:49,2026-08-14 20:34:49,4.3,91.68
T000796,D0154,Mumbai,2026-08-08 17:26:50,2026-08-08 17:34:50,3.92,56.19
T000797,D0036,Bangalore,2026-08-18 21:13:52,2026-08-18 21:50:52,33.37,648.2
T000798,D0060,Lucknow,2026-08-10 08:40:00,2026-08-10 09:02:00,19.9,221.69
T000799,D0036,Ahmedabad,2026-08-28 19:14:13,2026-08-28 19:45:13,28.16,573.14
T000800,D0146,Bangalore,2026-08-27 01:57:53,2026-08-27 02:34:53,35.22,776.77
T000801,D0034,Delhi,2026-08-22 10:33:52,2026-08-22 10:40:52,-6.51,118.3
T000802,D0011,Mumbai,2026-08-20 09:25:29,2026-08-20 09:30:29,2.57,34.72
T000803,D0198,Kolkata,2026-08-26 10:54:11,2026-08-26 11:11:11,11.19,238.06
T000804,D0003,Hyderabad,2026-08-14 07:55:39,2026-08-14 09:38:39,39.99,693.36
T000805,D0025,Mumbai,2026-08-22 16:42:25,2026-08-22 17:17:25,16.66,208.76
T000806,D0177,Jaipur,2026-08-21 08:35:06,2026-08-21 09:24:06,,541.99
T000807,D0041,Chennai,2026-08-06 22:28:00,2026-08-06 22:54:00,22.95,489.37
T000808,D0114,Bangalore,2026-08-07 06:10:22,2026-08-07 06:26:22,15.09,306.79
T000809,D0185,Kolkata,2026-08-01 09:57:49,2026-08-01 10:31:49,20.48,426.99
T000810,D0113,Kolkata,2026-08-11 07:30:15,2026-08-11 08:00:15,17.14,348.33
T000811,D0064,Jaipur,2026-08-08 01:55:49,2026-08-08 03:08:49,39.74,821.55
T000812,D0143,Delhi,2026-08-19 00:41:37,2026-08-19 01:04:37,24.59,448.17
T000813,D0066,Hyderabad,2026-08-23 10:24:00,2026-08-23 11:14:00,18.89,330.59
T000814,D0066,Chennai,2026-08-25 19:39:14,2026-08-25 19:45:14,5.5,119.34
T000815,D0129,Kolkata,2026-08-10 18:21:18,2026-08-10 18:42:18,12.08,
T000816,D0100,Pune,2026-08-04 09:51:52,2026-08-04 10:11:52,,470.74
T000817,D0065,Kolkata,2026-08-02 14:15:31,2026-08-02 15:00:31,30.67,700.14
T000818,D0112,Hyderabad,2026-08-30 10:48:59,2026-08-30 11:31:59,19.04,341.14
T000819,D0176,Lucknow,2026-08-27 21:28:24,2026-08-27 21:28:24,29.4,383.95
T000820,D0193,Hyderabad,2026-08-22 11:26:20,2026-08-22 12:41:20,29.79,516.82
T000821,D0039,Lucknow,2026-08-05 07:38:37,2026-08-05 07:54:37,14.79,179.85
T000822,D0107,Ahmedabad,2026-08-01 04:07:44,2026-08-01 04:54:44,,805.06
T000823,D0175,Lucknow,2026-08-22 00:37:14,2026-08-22 00:37:14,9.96,125.98
T000824,D0142,Kolkata,2026-08-23 02:08:33,2026-08-23 02:45:33,24.91,
T000825,D0064,Delhi,2026-08-13 00:06:28,2026-08-13 00:06:28,33.42,663.26
T000826,D0139,Ahmedabad,2026-08-20 01:39:57,2026-08-20 02:09:57,24.96,505.8
T000827,D0092,Jaipur,2026-08-04 08:49:13,2026-08-04 08:54:13,2.42,53.44
T000828,D0077,Lucknow,2026-08-14 05:41:03,2026-08-14 06:19:03,34.53,406.47
T000829,D0155,Pune,2026-08-23 17:57:12,2026-08-23 18:18:12,24.84,518.53
T000830,D0174,Jaipur,2026-08-12 12:54:51,2026-08-12 13:15:51,10.41,235.41
T000831,D0123,Jaipur,2026-08-23 04:54:50,2026-08-23 06:04:50,39.64,789.04
T000832,D0192,Pune,2026-08-09 06:12:05,2026-08-09 06:21:05,10.36,241.3
T000833,D0008,Bangalore,2026-08-09 16:29:44,2026-08-09 16:37:44,7.8,167.64
T000834,D0092,Bangalore,2026-08-05 16:19:58,2026-08-05 16:39:58,19.22,377.11
T000835,D0067,Hyderabad,2026-08-27 19:01:51,2026-08-27 19:01:51,13.72,241.62
T000836,D0087,Jaipur,2026-08-08 16:22:42,2026-08-08 17:10:42,28.16,551.6
T000837,D0187,Delhi,2026-08-22 19:06:33,2026-08-22 19:41:33,38.41,738.66
T000838,D0060,Bangalore,2026-08-25 23:14:31,2026-08-25 23:53:31,33.62,698.12
T000839,D0108,Hyderabad,2026-08-18 13:06:08,2026-08-18 14:36:08,37.34,724.09
T000840,D0191,Kolkata,2026-08-30 06:58:02,2026-08-30 07:26:02,15.92,338.42
T000841,D0121,Pune,2026-08-18 04:47:00,2026-08-18 04:50:00,3.23,70.02
T000842,D0162,Bangalore,2026-08-10 18:59:24,2026-08-10 19:19:24,17.15,374.89
T000843,D0150,Kolkata,2026-08-16 00:14:47,2026-08-16 01:20:47,36.94,746.75
T000844,D0178,Chennai,2026-08-25 12:58:00,2026-08-25 13:20:00,22.04,431.11
T000845,D0026,Jaipur,2026-08-27 19:28:15,2026-08-27 19:43:15,8.49,171.42
T000846,D0007,Lucknow,2026-08-11 23:40:24,2026-08-11 23:47:24,7.2,83.72
T000847,D0157,Mumbai,2026-08-21 08:23:35,2026-08-21 09:04:35,20.1,253.05
T000848,D0065,Pune,2026-08-18 17:16:43,2026-08-18 17:41:43,28.43,638.58
T000849,D0099,Jaipur,2026-08-18 12:03:21,2026-08-18 13:07:21,-33.15,766.1
T000850,D0046,Chennai,2026-08-24 13:29:00,2026-08-24 13:45:00,15.3,283.44
T000851,D0125,Delhi,2026-08-14 06:29:02,2026-08-14 06:46:02,18.16,
T000852,D0005,Hyderabad,2026-08-21 08:46:05,2026-08-21 09:50:05,28.48,593.74
T000853,D0121,Bangalore,2026-08-03 23:26:10,2026-08-04 00:03:10,34.65,688.35
T000854,D0034,Delhi,2026-08-03 20:00:32,2026-08-03 20:19:32,21.44,420.68
T000855,D0032,Bangalore,2026-08-17 10:36:06,2026-08-17 10:41:06,4.29,85.63
T000856,D0057,Hyderabad,2026-08-28 21:47:28,2026-08-28 22:48:28,25.77,497.08
T000857,D0111,Chennai,2026-08-15 13:14:22,2026-08-15 13:32:22,16.85,348.82
T000858,D0085,Jaipur,2026-08-11 03:56:40,2026-08-11 03:56:40,3.66,76.2
T000859,D0194,Kolkata,2026-08-20 11:33:36,2026-08-20 12:08:36,22.43,511.27
T000860,D0153,Pune,2026-08-13 15:42:13,2026-08-13 15:50:13,9.16,204.73
T000861,D0172,Chennai,2026-08-01 06:23:38,2026-08-01 06:26:38,2.55,46.52
T000862,D0107,Pune,2026-08-06 10:46:18,2026-08-06 11:09:18,22.82,454.29
T000863,D0036,Delhi,2026-08-20 22:01:08,2026-08-20 22:29:08,,522.15
T000864,D0095,Ahmedabad,2026-08-30 19:25:18,2026-08-30 19:31:18,5.46,
T000865,D0004,Ahmedabad,2026-08-16 04:40:08,2026-08-16 04:40:08,9.98,230.13
T000866,D0015,Hyderabad,2026-08-28 02:24:21,2026-08-28 03:24:21,23.31,474.72
T000867,D0097,Chennai,2026-08-17 23:07:35,2026-08-17 23:23:35,15.52,310.92
T000868,D0010,Bangalore,2026-08-06 05:07:32,2026-08-06 05:34:32,25.02,539.99
T000869,D0183,Kolkata,2026-08-04 05:57:04,2026-08-04 06:19:04,14.45,322.43
T000870,D0001,Kolkata,2026-08-26 05:56:02,2026-08-26 07:02:02,39.36,889.42
T000871,D0140,Pune,2026-08-04 13:29:58,2026-08-04 13:44:58,15.3,348.56
T000872,D0068,Pune,2026-08-12 09:23:12,2026-08-12 09:26:12,3.81,79.06
T000873,D0084,Hyderabad,2026-08-05 03:03:16,2026-08-05 04:15:16,29.81,544.09
T000874,D0090,Kolkata,2026-08-15 11:23:20,2026-08-15 12:03:20,26.36,539.36
T000875,D0187,Jaipur,2026-08-05 05:54:41,2026-08-05 05:54:41,28.69,662.19
T000876,D0137,Chennai,2026-08-27 08:17:49,2026-08-27 08:35:49,15.01,328.49
T000877,D0199,Chennai,2026-08-12 05:20:49,2026-08-12 05:57:49,36.97,
T000878,D0172,Mumbai,2026-08-08 23:37:59,2026-08-09 00:49:59,36.32,488.66
T000879,D0051,Delhi,2026-08-27 01:26:12,2026-08-27 01:46:12,20.39,
T000880,D0098,Kolkata,2026-08-19 13:16:55,2026-08-19 13:52:55,21.87,516.87
T000881,D0082,Jaipur,2026-08-30 21:56:39,2026-08-30 22:12:39,7.96,180.88
T000882,D0152,Mumbai,2026-08-24 02:41:46,2026-08-24 02:49:46,4.07,56.72
T000883,D0075,Hyderabad,2026-08-27 14:07:36,2026-08-27 14:46:36,17.49,
T000884,D0080,Hyderabad,2026-08-25 08:37:46,2026-08-25 10:19:46,39.48,794.3
T000885,D0191,Kolkata,2026-08-14 18:23:06,2026-08-14 19:16:06,32.99,729.42
T000886,D0190,Bangalore,2026-08-20 16:57:02,2026-08-20 17:30:02,32.29,649.83
T000887,D0127,Ahmedabad,2026-08-13 08:29:01,2026-08-13 08:51:01,17.88,377.51
T000888,D0178,Hyderabad,2026-08-09 17:16:24,2026-08-09 17:47:24,12.3,221.51
T000889,D0195,Hyderabad,2026-08-10 01:25:20,2026-08-10 01:56:20,13.83,245.72
T000890,D0037,Delhi,2026-08-16 03:13:19,2026-08-16 03:53:19,38.35,724.2
T000891,D0192,Ahmedabad,2026-08-23 05:58:56,2026-08-23 06:01:56,-2.93,67.87
T000892,D0062,Kolkata,2026-08-30 16:38:55,2026-08-30 17:24:55,26.96,557.16
T000893,D0096,Kolkata,2026-08-25 02:08:29,2026-08-25 02:08:29,21.0,483.65
T000894,D0190,Jaipur,2026-08-09 23:03:17,2026-08-09 23:17:17,8.1,173.91
T000895,D0006,Chennai,2026-08-08 15:23:53,2026-08-08 16:03:53,35.77,772.22
T000896,D0076,Mumbai,2026-08-25 04:31:05,2026-08-25 05:11:05,22.11,298.22
T000897,D0132,Lucknow,2026-08-16 12:42:31,2026-08-16 13:13:31,-27.82,349.27
T000898,D0056,Lucknow,2026-08-08 08:02:58,2026-08-08 08:18:58,15.12,187.29
T000899,D0160,Ahmedabad,2026-08-10 22:02:49,2026-08-10 22:32:49,27.61,630.48
T000900,D0184,Ahmedabad,2026-08-08 00:32:26,2026-08-08 01:12:26,36.21,814.51
T000901,D0194,Lucknow,2026-08-10 07:26:01,2026-08-10 07:39:01,12.99,159.35
T000902,D0059,Hyderabad,2026-08-25 13:56:33,2026-08-25 14:08:33,5.25,109.05
T000903,D0119,Chennai,2026-08-03 04:52:24,2026-08-03 05:11:24,19.18,
T000904,D0132,Mumbai,2026-08-28 09:15:16,2026-08-28 10:08:16,27.8,355.75
T000905,D0140,Jaipur,2026-08-26 21:26:02,2026-08-26 21:41:02,8.95,182.1
T000906,D0018,Bangalore,2026-08-20 05:47:18,2026-08-20 06:27:18,33.57,619.66
T000907,D0125,Chennai,2026-08-05 11:41:38,2026-08-05 11:47:38,5.56,117.44
T000908,D0149,Pune,2026-08-30 05:04:03,2026-08-30 05:39:03,37.08,820.82
T000909,D0153,Hyderabad,2026-08-17 09:50:34,2026-08-17 11:14:34,31.61,565.4
T000910,D0163,Delhi,2026-08-16 12:32:09,2026-08-16 13:08:09,35.0,698.7
T000911,D0180,Ahmedabad,2026-08-22 11:17:32,2026-08-22 11:50:32,30.01,607.21
T000912,D0127,Ahmedabad,2026-08-23 06:18:17,2026-08-23 06:30:17,9.53,205.14
T000913,D0091,Chennai,2026-08-14 22:32:17,2026-08-14 23:02:17,30.78,616.88
T000914,D0054,Kolkata,2026-08-22 05:17:46,2026-08-22 05:23:46,4.21,95.86
T000915,D0141,Kolkata,2026-08-22 15:18:54,2026-08-22 16:02:54,,537.76
T000916,D0119,Delhi,2026-08-04 15:53:45,2026-08-04 16:25:45,33.2,626.67
T000917,D0197,Lucknow,2026-08-15 11:59:57,2026-08-15 12:14:57,-13.5,159.46
T000918,D0018,Bangalore,2026-08-17 22:00:36,2026-08-17 22:19:36,16.23,323.91
T000919,D0163,Pune,2026-08-06 08:55:24,2026-08-06 09:05:24,9.88,216.35
T000920,D0111,Mumbai,2026-08-25 09:00:06,2026-08-25 09:44:06,21.43,318.58
T000921,D0022,Kolkata,2026-08-09 21:24:07,2026-08-09 22:01:07,25.1,501.85
T000922,D0091,Ahmedabad,2026-08-23 17:03:36,2026-08-23 17:22:36,18.01,412.05
T000923,D0124,Lucknow,2026-08-02 01:50:48,2026-08-02 02:23:48,31.29,361.58
T000924,D0092,Chennai,2026-08-29 18:31:25,2026-08-29 19:00:25,29.38,616.04
T000925,D0038,Lucknow,2026-08-05 23:52:47,2026-08-06 00:24:47,28.13,372.37
T000926,D0091,Bangalore,2026-08-28 19:30:26,2026-08-28 19:59:26,26.66,534.17
T000927,D0165,Kolkata,2026-08-01 05:30:40,2026-08-01 06:03:40,19.85,431.39
T000928,D0115,Ahmedabad,2026-08-04 07:24:32,2026-08-04 07:49:32,22.36,443.47
T000929,D0009,Ahmedabad,2026-08-09 17:51:51,2026-08-09 18:02:51,10.21,217.46
T000930,D0040,Kolkata,2026-08-25 05:29:41,2026-08-25 05:43:41,,194.0
T000931,D0104,Delhi,2026-08-17 13:43:51,2026-08-17 14:18:51,38.98,728.34
T000932,D0195,Lucknow,2026-08-20 09:51:13,2026-08-20 09:58:13,6.88,81.76
T000933,D0185,Chennai,2026-08-19 12:09:16,2026-08-19 12:40:16,30.99,639.62
T000934,D0128,Chennai,2026-08-16 00:24:22,2026-08-16 01:02:22,33.37,646.09
T000935,D0157,Jaipur,2026-08-20 12:38:57,2026-08-20 13:33:57,32.08,722.42
T000936,D0125,Jaipur,2026-08-26 19:18:46,2026-08-26 20:07:46,26.74,580.61
T000937,D0010,Bangalore,2026-08-22 20:40:24,2026-08-22 21:12:24,27.83,536.32
T000938,D0019,Hyderabad,2026-08-12 20:04:04,2026-08-12 20:19:04,7.06,125.3
T000939,D0108,Kolkata,2026-08-27 22:34:47,2026-08-27 22:43:47,5.73,127.12
T000940,D0071,Jaipur,2026-08-08 20:30:13,2026-08-08 20:47:13,9.58,202.01
T000941,D0090,Lucknow,2026-08-27 19:21:37,2026-08-27 19:32:37,10.43,
T000942,D0079,Pune,2026-08-06 12:16:08,2026-08-06 12:49:08,36.47,764.8
T000943,D0026,Mumbai,2026-08-27 00:07:41,2026-08-27 00:28:41,11.54,157.7
T000944,D0108,Ahmedabad,2026-08-14 03:37:02,2026-08-14 03:37:02,34.79,746.02
T000945,D0100,Jaipur,2026-08-30 02:41:32,2026-08-30 03:20:32,20.36,471.98
T000946,D0078,Mumbai,2026-08-16 13:25:20,2026-08-16 14:16:20,24.62,333.64
T000947,D0111,Lucknow,2026-08-03 12:55:36,2026-08-03 12:57:36,2.04,23.67
T000948,D0039,Ahmedabad,2026-08-07 03:09:48,2026-08-07 03:21:48,10.72,246.03
T000949,D0165,Bangalore,2026-08-05 02:27:46,2026-08-05 02:31:46,3.86,77.28
T000950,D0076,Chennai,2026-08-17 03:33:22,2026-08-17 03:41:22,8.63,179.99
T000951,D0182,Delhi,2026-08-12 17:42:15,2026-08-12 18:17:15,35.81,709.35
T000952,D0172,Chennai,2026-08-17 20:45:52,2026-08-17 21:06:52,19.58,403.87
T000953,D0132,Chennai,2026-08-13 05:25:26,2026-08-13 05:32:26,6.27,112.65
T000954,D0155,Hyderabad,2026-08-29 06:25:25,2026-08-29 06:40:25,6.49,112.25
T000955,D0077,Mumbai,2026-08-29 18:17:06,2026-08-29 18:50:06,16.55,237.53
T000956,D0191,Chennai,2026-08-28 05:56:35,2026-08-28 06:16:35,18.31,354.39
T000957,D0161,Kolkata,2026-08-08 22:32:32,2026-08-08 22:45:32,7.8,167.34
T000958,D0034,Ahmedabad,2026-08-19 08:54:13,2026-08-19 09:13:13,15.91,377.48
T000959,D0044,Lucknow,2026-08-03 11:20:27,2026-08-03 11:32:27,12.8,145.5
T000960,D0122,Kolkata,2026-08-11 18:03:34,2026-08-11 18:07:34,2.46,57.7
T000961,D0123,Mumbai,2026-08-28 01:00:33,2026-08-28 01:17:33,7.92,107.33
T000962,D0046,Lucknow,2026-08-14 18:29:36,2026-08-14 18:45:36,17.0,213.56
T000963,D0057,Delhi,2026-08-20 17:39:56,2026-08-20 17:47:56,,168.22
T000964,D0001,Delhi,2026-08-27 08:52:08,2026-08-27 09:15:08,25.97,531.32
T000965,D0089,Hyderabad,2026-08-26 04:05:02,2026-08-26 04:27:02,8.64,156.92
T000966,D0081,Chennai,2026-08-27 11:57:40,2026-08-27 12:05:40,6.56,122.37
T000967,D0087,Delhi,2026-08-01 14:14:38,2026-08-01 14:23:38,8.97,167.59
T000968,D0119,Mumbai,2026-08-21 04:49:49,2026-08-21 04:56:49,3.7,
T000969,D0092,Lucknow,2026-08-15 05:07:37,2026-08-15 05:23:37,14.85,165.89
T000970,D0001,Kolkata,2026-08-15 13:45:33,2026-08-15 14:38:33,32.04,647.38
T000971,D0113,Kolkata,2026-08-20 19:24:41,2026-08-20 20:04:41,27.03,
T000972,D0161,Bangalore,2026-08-21 15:01:52,2026-08-21 15:24:52,20.44,446.72
T000973,D0004,Ahmedabad,2026-08-01 18:11:36,2026-08-01 18:46:36,33.63,748.82
T000974,D0070,Lucknow,2026-08-18 09:27:37,2026-08-18 09:36:37,-9.98,112.19
T000975,D0193,Bangalore,2026-08-02 16:16:53,2026-08-02 16:56:53,36.89,752.98
T000976,D0015,Hyderabad,2026-08-24 09:49:13,2026-08-24 11:16:13,38.57,782.16
T000977,D0115,Ahmedabad,2026-08-03 18:25:30,2026-08-03 19:11:30,37.63,748.21
T000978,D0179,Chennai,2026-08-26 22:51:49,2026-08-26 23:04:49,13.05,255.83
T000979,D0080,Jaipur,2026-08-15 11:04:15,2026-08-15 11:59:15,,646.81
T000980,D0068,Lucknow,2026-08-20 15:54:18,2026-08-20 16:35:18,38.85,506.79
T000981,D0078,Pune,2026-08-30 22:39:21,2026-08-30 22:55:21,16.62,330.82
T000982,D0114,Lucknow,2026-08-11 19:59:54,2026-08-11 20:16:54,15.3,193.09
T000983,D0041,Bangalore,2026-08-02 05:22:28,2026-08-02 05:38:28,14.05,311.76
T000984,D0135,Kolkata,2026-08-06 08:18:47,2026-08-06 08:47:47,17.02,336.94
T000985,D0108,Pune,2026-08-28 16:57:38,2026-08-28 17:32:38,39.04,838.08
T000986,D0198,Pune,2026-08-09 13:03:27,2026-08-09 13:25:27,23.8,530.97
T000987,D0021,Hyderabad,2026-08-30 18:52:25,2026-08-30 20:20:25,37.22,755.7
T000988,D0009,Mumbai,2026-08-08 00:01:29,2026-08-08 00:43:29,22.57,293.88
T000989,D0185,Ahmedabad,2026-08-04 21:04:53,2026-08-04 21:32:53,25.07,498.06
T000990,D0179,Kolkata,2026-08-11 20:46:05,2026-08-11 21:47:05,39.1,914.19
T000991,D0061,Kolkata,2026-08-04 12:26:24,2026-08-04 12:39:24,7.67,150.13
T000992,D0110,Ahmedabad,2026-08-12 05:30:34,2026-08-12 05:50:34,17.58,376.37
T000993,D0119,Mumbai,2026-08-11 21:38:13,2026-08-11 21:47:13,5.31,73.78
T000994,D0092,Ahmedabad,2026-08-16 22:05:44,2026-08-16 22:30:44,23.06,466.41
T000995,D0048,Chennai,2026-08-07 16:38:58,2026-08-07 16:47:58,,180.13
T000996,D0020,Bangalore,2026-08-21 20:46:35,2026-08-21 20:58:35,10.67,229.51
T000997,D0015,Lucknow,2026-08-18 17:31:57,2026-08-18 17:37:57,5.86,77.67
T000998,D0164,Delhi,2026-08-20 20:42:30,2026-08-20 20:51:30,9.52,192.89
T000999,D0012,Ahmedabad,2026-08-22 15:58:08,2026-08-22 16:07:08,8.78,188.79
T001000,D0166,Mumbai,2026-08-12 04:44:05,2026-08-12 05:19:05,17.19,236.7
