trip_id,driver_id,city,pickup_ts,dropoff_ts,distance_km,fare
T000001,D0048,Bangalore,2026-08-21 04:53:05,2026-08-21 04:53:05,33.83,417.73
T000002,D0129,Hyderabad,2026-08-06 20:50:49,2026-08-06 21:35:49,30.24,441.46
T000003,D0151,Kolkata,2026-08-25 15:32:00,2026-08-25 16:29:00,33.54,688.44
T000004,D0191,Ahmedabad,2026-08-25 12:41:53,2026-08-25 13:16:53,16.95,244.93
T000005,D0199,Kolkata,2026-08-21 02:42:38,2026-08-21 03:31:38,27.26,
T000006,D0134,Pune,2026-08-05 04:44:31,2026-08-05 05:14:31,18.68,262.25
T000007,D0181,Kolkata,2026-08-18 23:41:24,2026-08-19 00:21:24,20.61,400.15
T000008,D0059,Lucknow,2026-08-29 19:06:32,2026-08-29 19:51:32,23.97,283.93
T000009,D0132,Bangalore,2026-08-10 16:27:12,2026-08-10 17:04:12,22.51,255.79
T000010,D0156,Pune,2026-08-29 01:10:47,2026-08-29 01:33:47,15.42,211.59
T000011,D0190,Bangalore,2026-08-19 15:01:50,2026-08-19 15:53:50,31.78,411.03
T000012,D0015,Jaipur,2026-08-07 06:35:11,2026-08-07 07:14:11,21.71,412.42
T000013,D0125,Ahmedabad,2026-08-18 16:56:53,2026-08-18 17:51:53,23.66,343.57
T000014,D0157,Pune,2026-08-21 02:50:22,2026-08-21 03:14:22,15.15,206.45
T000015,D0141,Pune,2026-08-23 05:46:46,2026-08-23 06:24:46,24.79,338.59
T000016,D0066,Lucknow,2026-08-09 18:37:43,2026-08-09 19:41:43,34.72,466.64
T000017,D0194,Bangalore,2026-08-04 10:05:03,2026-08-04 10:15:03,5.16,55.94
T000018,D0075,Hyderabad,2026-08-13 02:45:27,2026-08-13 03:04:27,12.21,152.56
T000019,D0070,Mumbai,2026-08-09 03:07:01,2026-08-09 03:23:01,,106.72
T000020,D0080,Hyderabad,2026-08-23 01:45:56,2026-08-23 02:32:56,28.7,353.21
T000021,D0187,Kolkata,2026-08-17 16:01:22,2026-08-17 16:35:22,17.99,354.3
T000022,D0058,Jaipur,2026-08-11 03:36:31,2026-08-11 04:48:31,-38.69,816.96
T000023,D0181,Bangalore,2026-08-20 06:54:21,2026-08-20 07:07:21,7.57,84.71
T000024,D0178,Jaipur,2026-08-21 17:06:02,2026-08-21 17:50:02,22.7,479.32
T000025,D0148,Jaipur,2026-08-22 21:16:21,2026-08-22 21:35:21,10.48,197.82
T000026,D0013,Pune,2026-08-21 16:40:29,2026-08-21 16:47:29,,61.52
T000027,D0191,Hyderabad,2026-08-04 10:24:10,2026-08-04 11:22:10,34.62,502.26
T000028,D0010,Delhi,2026-08-21 04:52:32,2026-08-21 05:15:32,23.47,453.37
T000029,D0200,Lucknow,2026-08-11 13:30:40,2026-08-11 14:44:40,38.56,457.05
T000030,D0147,Lucknow,2026-08-25 16:52:51,2026-08-25 16:59:51,3.42,39.91
T000031,D0076,Kolkata,2026-08-29 17:02:30,2026-08-29 17:20:30,9.38,207.07
T000032,D0073,Jaipur,2026-08-25 06:18:32,2026-08-25 06:23:32,2.65,50.1
T000033,D0035,Bangalore,2026-08-08 14:52:40,2026-08-08 15:10:40,9.63,126.88
T000034,D0141,Pune,2026-08-21 20:06:04,2026-08-21 20:22:04,10.1,143.38
T000035,D0186,Pune,2026-08-26 22:32:22,2026-08-26 23:02:22,20.41,257.01
T000036,D0069,Bangalore,2026-08-05 02:39:34,2026-08-05 02:52:34,7.05,85.29
T000037,D0030,Pune,2026-08-30 03:17:38,2026-08-30 03:53:38,21.22,273.1
T000038,D0126,Hyderabad,2026-08-12 10:00:56,2026-08-12 10:55:56,34.96,508.59
T000039,D0019,Delhi,2026-08-29 03:41:56,2026-08-29 04:03:56,22.94,397.46
T000040,D0097,Kolkata,2026-08-08 03:39:00,2026-08-08 04:40:00,33.48,731.82
T000041,D0094,Mumbai,2026-08-28 17:00:31,2026-08-28 17:45:31,22.91,353.86
T000042,D0028,Hyderabad,2026-08-28 09:37:41,2026-08-28 10:16:41,22.3,321.0
T000043,D0030,Bangalore,2026-08-15 08:33:34,2026-08-15 08:37:34,2.47,27.23
T000044,D0030,Bangalore,2026-08-10 02:56:42,2026-08-10 03:14:42,11.11,131.28
T000045,D0112,Ahmedabad,2026-08-09 03:00:57,2026-08-09 04:05:57,27.87,432.22
T000046,D0123,Kolkata,2026-08-27 08:33:14,2026-08-27 09:40:14,,742.42
T000047,D0076,Pune,2026-08-05 20:39:32,2026-08-05 20:56:32,9.89,119.09
T000048,D0082,Lucknow,2026-08-16 13:07:11,2026-08-16 13:46:11,19.09,221.01
T000049,D0139,Lucknow,2026-08-23 03:06:46,2026-08-23 03:19:46,6.23,80.9
T000050,D0064,Ahmedabad,2026-08-18 06:34:06,2026-08-18 07:00:06,-11.85,165.29
T000051,D0024,Pune,2026-08-04 22:48:05,2026-08-04 23:46:05,33.16,463.31
T000052,D0084,Lucknow,2026-08-17 10:49:41,2026-08-17 12:04:41,37.75,460.4
T000053,D0063,Delhi,2026-08-16 09:01:23,2026-08-16 09:29:23,32.12,664.67
T000054,D0063,Pune,2026-08-05 21:36:45,2026-08-05 22:12:45,22.68,307.39
T000055,D0019,Chennai,2026-08-01 23:44:14,2026-08-02 00:15:14,32.71,445.64
T000056,D0127,Mumbai,2026-08-02 01:03:56,2026-08-02 01:57:56,26.14,391.9
T000057,D0131,Ahmedabad,2026-08-08 11:37:56,2026-08-08 11:49:56,5.84,81.81
T000058,D0082,Delhi,2026-08-09 17:12:36,2026-08-09 17:38:36,31.5,639.84
T000059,D0033,Hyderabad,2026-08-06 04:31:17,2026-08-06 05:15:17,28.95,393.95
T000060,D0160,Chennai,2026-08-07 21:04:11,2026-08-07 21:25:11,22.73,342.91
T000061,D0183,Jaipur,2026-08-10 23:20:53,2026-08-10 23:36:53,,157.53
T000062,D0111,Chennai,2026-08-13 06:17:04,2026-08-13 06:46:04,31.56,446.09
T000063,D0102,Jaipur,2026-08-13 03:31:37,2026-08-13 03:31:37,22.57,431.12
T000064,D0107,Pune,2026-08-09 07:49:56,2026-08-09 08:10:56,11.8,161.52
T000065,D0033,Lucknow,2026-08-01 22:01:58,2026-08-01 22:10:58,4.37,51.43
T000066,D0045,Delhi,2026-08-13 13:53:18,2026-08-13 14:30:18,39.36,
T000067,D0129,Lucknow,2026-08-05 07:58:50,2026-08-05 08:21:50,10.87,138.69
T000068,D0058,Ahmedabad,2026-08-11 22:59:42,2026-08-11 23:23:42,11.06,159.77
T000069,D0071,Kolkata,2026-08-17 08:34:37,2026-08-17 09:12:37,23.3,539.42
T000070,D0095,Chennai,2026-08-03 08:09:14,2026-08-03 08:42:14,37.02,
T000071,D0178,Delhi,2026-08-25 20:05:39,2026-08-25 20:31:39,,571.39
T000072,D0153,Hyderabad,2026-08-27 19:29:48,2026-08-27 19:54:48,16.12,225.14
T000073,D0046,Mumbai,2026-08-06 23:35:22,2026-08-07 00:40:22,36.07,518.2
T000074,D0014,Delhi,2026-08-13 03:57:53,2026-08-13 04:12:53,18.22,363.0
T000075,D0043,Ahmedabad,2026-08-20 02:35:08,2026-08-20 03:41:08,29.25,425.62
T000076,D0026,Jaipur,2026-08-02 23:25:44,2026-08-03 00:09:44,21.92,401.96
T000077,D0169,Hyderabad,2026-08-05 01:32:26,2026-08-05 02:39:26,38.46,541.2
T000078,D0111,Mumbai,2026-08-22 14:31:51,2026-08-22 15:42:51,34.34,520.56
T000079,D0125,Kolkata,2026-08-08 23:57:09,2026-08-09 01:02:09,36.58,800.71
T000080,D0170,Chennai,2026-08-06 18:51:45,2026-08-06 19:08:45,,284.24
T000081,D0049,Hyderabad,2026-08-14 11:30:42,2026-08-14 11:48:42,11.43,137.31
T000082,D0063,Jaipur,2026-08-22 07:12:27,2026-08-22 08:00:27,-24.01,506.75
T000083,D0080,Hyderabad,2026-08-11 00:42:47,2026-08-11 00:57:47,8.57,
T000084,D0044,Lucknow,2026-08-13 04:17:56,2026-08-13 04:17:56,33.63,457.46
T000085,D0147,Jaipur,2026-08-18 07:52:59,2026-08-18 08:27:59,20.65,419.59
T000086,D0031,Kolkata,2026-08-10 22:38:04,2026-08-10 23:02:04,12.79,290.08
T000087,D0167,Lucknow,2026-08-01 15:23:51,2026-08-01 16:03:51,22.72,303.28
T000088,D0129,Delhi,2026-08-04 15:35:42,2026-08-04 15:53:42,21.01,385.84
T000089,D0090,Pune,2026-08-26 15:37:24,2026-08-26 15:37:24,14.3,198.46
T000090,D0127,Hyderabad,2026-08-27 04:19:28,2026-08-27 04:45:28,17.18,237.52
T000091,D0163,Mumbai,2026-08-19 07:53:13,2026-08-19 08:25:13,16.53,
T000092,D0133,Lucknow,2026-08-25 19:18:42,2026-08-25 19:35:42,9.56,123.73
T000093,D0051,Kolkata,2026-08-15 19:44:34,2026-08-15 20:35:34,28.71,634.14
T000094,D0104,Pune,2026-08-26 13:03:23,2026-08-26 13:07:23,2.13,27.91
T000095,D0018,Pune,2026-08-29 08:54:28,2026-08-29 09:54:28,39.03,567.56
T000096,D0105,Ahmedabad,2026-08-13 00:30:41,2026-08-13 01:26:41,26.33,391.88
T000097,D0199,Delhi,2026-08-20 06:54:30,2026-08-20 07:20:30,31.73,637.97
T000098,D0176,Lucknow,2026-08-01 11:48:00,2026-08-01 12:19:00,15.28,201.91
T000099,D0120,Jaipur,2026-08-15 17:47:59,2026-08-15 18:00:59,7.78,149.55
T000100,D0018,Jaipur,2026-08-03 04:52:51,2026-08-03 05:16:51,-12.29,241.27
T000101,D0042,Pune,2026-08-04 06:03:33,2026-08-04 06:51:33,26.96,359.04
T000102,D0136,Mumbai,2026-08-20 12:16:30,2026-08-20 13:10:30,26.17,356.19
T000103,D0134,Chennai,2026-08-12 12:23:49,2026-08-12 12:58:49,35.67,466.28
T000104,D0168,Pune,2026-08-23 17:11:08,2026-08-23 17:44:08,21.44,266.22
T000105,D0103,Jaipur,2026-08-14 02:17:38,2026-08-14 02:44:38,15.52,292.82
T000106,D0057,Delhi,2026-08-24 11:27:46,2026-08-24 11:54:46,32.01,
T000107,D0160,Hyderabad,2026-08-30 14:38:36,2026-08-30 15:22:36,28.85,348.62
T000108,D0069,Kolkata,2026-08-16 08:46:59,2026-08-16 09:46:59,37.26,756.05
T000109,D0114,Chennai,2026-08-04 12:30:52,2026-08-04 12:56:52,25.78,
T000110,D0036,Lucknow,2026-08-08 04:38:32,2026-08-08 05:29:32,25.04,319.35
T000111,D0184,Delhi,2026-08-22 09:25:51,2026-08-22 09:38:51,15.72,284.45
T000112,D0026,Chennai,2026-08-15 19:55:42,2026-08-15 20:00:42,4.59,63.23
T000113,D0056,Delhi,2026-08-03 04:24:22,2026-08-03 04:28:22,4.1,84.33
T000114,D0157,Bangalore,2026-08-25 00:05:17,2026-08-25 00:52:17,28.75,377.22
T000115,D0045,Ahmedabad,2026-08-17 14:58:30,2026-08-17 16:00:30,27.19,403.39
T000116,D0044,Mumbai,2026-08-11 18:43:28,2026-08-11 19:17:28,17.19,237.54
T000117,D0055,Chennai,2026-08-12 10:39:11,2026-08-12 11:11:11,33.17,481.47
T000118,D0021,Ahmedabad,2026-08-13 12:26:45,2026-08-13 12:57:45,14.54,228.21
T000119,D0099,Bangalore,2026-08-01 17:57:21,2026-08-01 18:50:21,,373.81
T000120,D0195,Lucknow,2026-08-14 22:37:48,2026-08-14 23:50:48,36.92,
T000121,D0015,Delhi,2026-08-02 11:29:05,2026-08-02 11:31:05,2.58,50.86
T000122,D0078,Lucknow,2026-08-19 10:08:15,2026-08-19 10:33:15,11.66,152.42
T000123,D0071,Bangalore,2026-08-02 17:19:30,2026-08-02 17:58:30,22.41,249.09
T000124,D0191,Mumbai,2026-08-21 23:54:38,2026-08-22 00:06:38,5.46,79.47
T000125,D0067,Hyderabad,2026-08-10 07:36:38,2026-08-10 08:21:38,27.19,372.12
T000126,D0090,Chennai,2026-08-12 21:56:30,2026-08-12 22:00:30,4.29,
T000127,D0091,Kolkata,2026-08-30 09:17:13,2026-08-30 10:06:13,28.53,666.77
T000128,D0170,Jaipur,2026-08-21 00:46:19,2026-08-21 01:25:19,22.45,436.02
T000129,D0065,Mumbai,2026-08-13 23:11:17,2026-08-14 00:08:17,30.24,449.94
T000130,D0012,Delhi,2026-08-05 16:30:32,2026-08-05 16:36:32,7.74,158.19
T000131,D0026,Bangalore,2026-08-05 10:16:36,2026-08-05 11:20:36,36.67,440.37
T000132,D0102,Pune,2026-08-02 22:44:26,2026-08-02 22:56:26,6.81,
T000133,D0084,Ahmedabad,2026-08-02 04:41:02,2026-08-02 05:50:02,-29.99,413.32
T000134,D0081,Mumbai,2026-08-15 15:40:07,2026-08-15 15:47:07,-3.3,48.92
T000135,D0078,Delhi,2026-08-13 15:16:17,2026-08-13 15:43:17,32.19,658.07
T000136,D0087,Mumbai,2026-08-21 14:57:47,2026-08-21 16:04:47,33.97,452.82
T000137,D0168,Jaipur,2026-08-19 23:39:19,2026-08-20 00:48:19,38.34,680.81
T000138,D0180,Ahmedabad,2026-08-26 10:12:31,2026-08-26 11:35:31,39.55,612.18
T000139,D0191,Jaipur,2026-08-27 00:02:28,2026-08-27 00:07:28,3.15,66.7
T000140,D0089,Delhi,2026-08-10 16:59:12,2026-08-10 17:13:12,16.07,282.0
T000141,D0137,Delhi,2026-08-28 21:48:49,2026-08-28 21:52:49,4.46,90.21
T000142,D0192,Pune,2026-08-21 06:31:31,2026-08-21 06:53:31,13.34,171.2
T000143,D0187,Jaipur,2026-08-25 07:46:24,2026-08-25 07:51:24,2.33,43.28
T000144,D0117,Pune,2026-08-16 21:38:24,2026-08-16 22:17:24,23.78,302.29
T000145,D0015,Pune,2026-08-19 11:20:48,2026-08-19 12:09:48,32.99,475.76
T000146,D0063,Delhi,2026-08-03 08:46:12,2026-08-03 09:05:12,21.9,459.13
T000147,D0104,Lucknow,2026-08-17 10:33:16,2026-08-17 11:01:16,15.74,205.41
T000148,D0008,Hyderabad,2026-08-23 13:15:54,2026-08-23 13:56:54,24.73,330.3
T000149,D0048,Delhi,2026-08-13 03:25:02,2026-08-13 03:50:02,28.12,580.34
T000150,D0183,Kolkata,2026-08-03 10:22:35,2026-08-03 11:15:35,32.85,727.33
T000151,D0021,Mumbai,2026-08-10 22:04:43,2026-08-10 22:27:43,,170.02
T000152,D0006,Mumbai,2026-08-11 13:16:00,2026-08-11 14:12:00,26.44,401.61
T000153,D0057,Lucknow,2026-08-18 20:52:23,2026-08-18 22:03:23,36.2,487.48
T000154,D0116,Chennai,2026-08-30 00:48:40,2026-08-30 01:06:40,20.76,280.89
T000155,D0019,Pune,2026-08-27 10:21:39,2026-08-27 11:24:39,36.68,486.04
T000156,D0132,Hyderabad,2026-08-20 18:33:03,2026-08-20 18:48:03,9.65,135.65
T000157,D0150,Ahmedabad,2026-08-04 17:01:39,2026-08-04 17:36:39,17.34,266.46
T000158,D0077,Kolkata,2026-08-02 22:44:31,2026-08-02 23:09:31,-15.37,295.98
T000159,D0192,Bangalore,2026-08-27 06:02:44,2026-08-27 06:14:44,,84.86
T000160,D0106,Pune,2026-08-27 08:40:27,2026-08-27 09:19:27,26.51,337.2
T000161,D0078,Jaipur,2026-08-26 03:21:21,2026-08-26 03:52:21,17.52,324.82
T000162,D0042,Delhi,2026-08-25 13:54:08,2026-08-25 14:12:08,18.88,379.96
T000163,D0095,Hyderabad,2026-08-01 11:11:29,2026-08-01 12:13:29,39.79,537.64
T000164,D0005,Kolkata,2026-08-20 12:31:32,2026-08-20 12:53:32,12.7,284.97
T000165,D0096,Mumbai,2026-08-05 08:53:38,2026-08-05 10:02:38,34.16,480.41
T000166,D0038,Ahmedabad,2026-08-17 08:05:56,2026-08-17 08:39:56,16.76,242.35
T000167,D0033,Kolkata,2026-08-08 04:44:08,2026-08-08 04:49:08,2.69,54.72
T000168,D0074,Lucknow,2026-08-14 22:32:53,2026-08-14 23:47:53,38.09,525.65
T000169,D0184,Kolkata,2026-08-14 06:51:16,2026-08-14 07:22:16,18.47,393.51
T000170,D0039,Ahmedabad,2026-08-20 12:15:10,2026-08-20 13:24:10,29.21,392.36
T000171,D0026,Chennai,2026-08-02 06:27:02,2026-08-02 06:33:02,5.92,89.22
T000172,D0014,Kolkata,2026-08-10 02:22:39,2026-08-10 03:26:39,33.71,736.37
T000173,D0027,Jaipur,2026-08-11 14:18:40,2026-08-11 15:00:40,22.31,468.55
T000174,D0176,Jaipur,2026-08-21 08:54:12,2026-08-21 09:53:12,33.73,714.77
T000175,D0055,Hyderabad,2026-08-09 16:35:55,2026-08-09 17:06:55,20.23,289.1
T000176,D0128,Mumbai,2026-08-19 22:03:11,2026-08-19 22:16:11,6.7,98.36
T000177,D0158,Kolkata,2026-08-06 15:19:57,2026-08-06 16:03:57,,497.27
T000178,D0138,Chennai,2026-08-09 02:42:46,2026-08-09 03:03:46,21.79,
T000179,D0195,Hyderabad,2026-08-24 21:46:36,2026-08-24 22:26:36,26.08,376.54
T000180,D0187,Lucknow,2026-08-17 08:44:14,2026-08-17 09:57:14,-34.72,463.18
T000181,D0026,Pune,2026-08-13 23:41:57,2026-08-13 23:48:57,4.14,52.85
T000182,D0034,Chennai,2026-08-25 15:52:44,2026-08-25 16:03:44,12.43,
T000183,D0015,Hyderabad,2026-08-10 11:33:11,2026-08-10 12:01:11,17.49,252.07
T000184,D0123,Jaipur,2026-08-30 13:30:50,2026-08-30 14:06:50,-21.36,392.92
T000185,D0062,Hyderabad,2026-08-13 23:08:39,2026-08-13 23:42:39,20.67,281.12
T000186,D0178,Pune,2026-08-09 13:14:23,2026-08-09 13:57:23,25.02,358.0
T000187,D0035,Ahmedabad,2026-08-26 23:02:39,2026-08-26 23:19:39,7.68,112.05
T000188,D0036,Chennai,2026-08-16 07:25:42,2026-08-16 07:49:42,25.66,338.62
T000189,D0145,Hyderabad,2026-08-11 22:10:35,2026-08-11 22:19:35,5.35,74.24
T000190,D0079,Delhi,2026-08-06 15:18:35,2026-08-06 15:28:35,10.6,205.04
T000191,D0158,Kolkata,2026-08-16 21:43:45,2026-08-16 21:47:45,2.16,44.35
T000192,D0088,Chennai,2026-08-05 02:31:33,2026-08-05 03:01:33,30.24,442.89
T000193,D0089,Hyderabad,2026-08-30 04:22:39,2026-08-30 05:11:39,29.31,361.31
T000194,D0011,Delhi,2026-08-06 12:07:16,2026-08-06 12:17:16,11.53,228.03
T000195,D0064,Pune,2026-08-04 18:08:54,2026-08-04 18:16:54,5.49,70.09
T000196,D0103,Hyderabad,2026-08-26 17:03:36,2026-08-26 17:10:36,3.89,48.13
T000197,D0083,Pune,2026-08-12 18:01:17,2026-08-12 18:10:17,5.57,66.78
T000198,D0033,Mumbai,2026-08-18 02:31:55,2026-08-18 03:40:55,37.09,548.92
T000199,D0136,Lucknow,2026-08-14 03:49:51,2026-08-14 04:22:51,17.4,
T000200,D0057,Ahmedabad,2026-08-28 09:37:12,2026-08-28 10:13:12,17.91,249.49
T000201,D0062,Hyderabad,2026-08-27 15:46:29,2026-08-27 15:57:29,7.06,86.81
T000202,D0136,Chennai,2026-08-22 02:21:35,2026-08-22 02:34:35,12.43,178.96
T000203,D0018,Hyderabad,2026-08-23 23:21:27,2026-08-23 23:32:27,6.79,94.99
T000204,D0176,Jaipur,2026-08-18 15:05:29,2026-08-18 15:44:29,22.7,457.23
T000205,D0020,Lucknow,2026-08-02 11:26:04,2026-08-02 12:16:04,25.52,299.94
T000206,D0197,Lucknow,2026-08-07 21:21:23,2026-08-07 22:12:23,27.71,350.42
T000207,D0098,Pune,2026-08-18 17:21:43,2026-08-18 18:23:43,35.77,508.89
T000208,D0171,Ahmedabad,2026-08-20 16:36:17,2026-08-20 16:50:17,6.48,89.68
T000209,D0034,Lucknow,2026-08-01 09:32:09,2026-08-01 10:20:09,22.42,302.36
T000210,D0111,Kolkata,2026-08-28 06:40:37,2026-08-28 07:52:37,37.81,731.98
T000211,D0119,Lucknow,2026-08-21 11:59:27,2026-08-21 12:24:27,12.49,
T000212,D0001,Bangalore,2026-08-05 19:33:39,2026-08-05 19:33:39,19.89,248.56
T000213,D0142,Bangalore,2026-08-06 09:28:14,2026-08-06 10:10:14,24.32,307.36
T000214,D0179,Hyderabad,2026-08-28 14:01:44,2026-08-28 14:58:44,36.54,516.74
T000215,D0030,Chennai,2026-08-12 15:24:02,2026-08-12 15:29:02,6.01,92.25
T000216,D0161,Bangalore,2026-08-16 05:29:07,2026-08-16 05:59:07,18.05,206.03
T000217,D0088,Bangalore,2026-08-30 22:48:05,2026-08-30 23:21:05,18.53,213.31
T000218,D0173,Ahmedabad,2026-08-12 13:21:35,2026-08-12 14:18:35,26.13,345.42
T000219,D0088,Mumbai,2026-08-25 21:44:20,2026-08-25 22:00:20,8.54,120.66
T000220,D0045,Mumbai,2026-08-29 06:59:20,2026-08-29 07:04:20,2.82,39.01
T000221,D0169,Kolkata,2026-08-12 01:24:40,2026-08-12 01:34:40,5.79,135.34
T000222,D0170,Chennai,2026-08-23 09:27:35,2026-08-23 09:56:35,30.23,444.97
T000223,D0069,Chennai,2026-08-21 23:18:22,2026-08-21 23:36:22,18.74,271.56
T000224,D0168,Delhi,2026-08-08 06:37:27,2026-08-08 06:39:27,2.45,49.55
T000225,D0074,Mumbai,2026-08-09 21:10:13,2026-08-09 21:49:13,19.43,275.33
T000226,D0005,Delhi,2026-08-08 11:45:33,2026-08-08 12:17:33,38.94,809.58
T000227,D0059,Ahmedabad,2026-08-20 06:00:40,2026-08-20 07:09:40,32.81,503.87
T000228,D0109,Jaipur,2026-08-19 23:18:22,2026-08-20 00:30:22,39.68,726.76
T000229,D0143,Delhi,2026-08-09 16:36:41,2026-08-09 16:50:41,15.01,302.22
T000230,D0061,Delhi,2026-08-09 12:35:50,2026-08-09 12:51:50,-16.28,293.11
T000231,D0168,Bangalore,2026-08-26 00:47:23,2026-08-26 01:37:23,29.54,368.19
T000232,D0165,Jaipur,2026-08-04 17:58:07,2026-08-04 18:18:07,11.42,203.42
T000233,D0012,Bangalore,2026-08-19 18:52:22,2026-08-19 19:02:22,5.41,69.05
T000234,D0120,Jaipur,2026-08-12 14:40:48,2026-08-12 15:44:48,31.54,651.84
T000235,D0082,Hyderabad,2026-08-21 04:09:40,2026-08-21 04:09:40,8.33,112.46
T000236,D0179,Jaipur,2026-08-22 18:45:23,2026-08-22 19:53:23,39.7,773.72
T000237,D0039,Kolkata,2026-08-19 21:19:17,2026-08-19 22:16:17,-32.72,668.12
T000238,D0022,Hyderabad,2026-08-28 12:27:23,2026-08-28 12:49:23,12.62,175.74
T000239,D0099,Pune,2026-08-17 07:36:06,2026-08-17 08:39:06,37.28,471.2
T000240,D0065,Hyderabad,2026-08-28 10:49:07,2026-08-28 11:23:07,19.77,244.16
T000241,D0140,Chennai,2026-08-10 12:56:36,2026-08-10 13:00:36,4.68,68.45
T000242,D0051,Kolkata,2026-08-12 15:25:13,2026-08-12 16:07:13,23.95,500.6
T000243,D0104,Mumbai,2026-08-04 17:53:08,2026-08-04 18:08:08,7.82,100.36
T000244,D0138,Kolkata,2026-08-21 06:08:10,2026-08-21 06:08:10,27.93,552.5
T000245,D0052,Jaipur,2026-08-04 14:24:41,2026-08-04 15:28:41,37.24,666.26
T000246,D0037,Kolkata,2026-08-18 07:46:25,2026-08-18 08:43:25,30.46,624.5
T000247,D0054,Pune,2026-08-24 21:21:50,2026-08-24 22:00:50,22.34,316.53
T000248,D0158,Ahmedabad,2026-08-02 01:31:03,2026-08-02 01:58:03,13.03,192.53
T000249,D0081,Pune,2026-08-22 12:49:23,2026-08-22 13:10:23,11.69,165.67
T000250,D0112,Delhi,2026-08-07 10:13:15,2026-08-07 10:46:15,38.35,673.84
T000251,D0182,Lucknow,2026-08-12 22:29:36,2026-08-12 23:28:36,30.3,376.46
T000252,D0149,Chennai,2026-08-19 15:10:59,2026-08-19 15:35:59,27.11,411.63
T000253,D0145,Hyderabad,2026-08-01 04:13:52,2026-08-01 04:58:52,29.27,428.3
T000254,D0043,Kolkata,2026-08-24 09:36:23,2026-08-24 10:18:23,22.71,440.36
T000255,D0170,Jaipur,2026-08-25 09:52:56,2026-08-25 10:12:56,10.86,199.92
T000256,D0034,Kolkata,2026-08-20 08:20:23,2026-08-20 08:44:23,,281.11
T000257,D0101,Delhi,2026-08-28 03:52:47,2026-08-28 03:54:47,2.6,49.51
T000258,D0011,Jaipur,2026-08-17 07:45:34,2026-08-17 08:58:34,36.5,728.85
T000259,D0131,Kolkata,2026-08-22 10:42:18,2026-08-22 10:59:18,9.17,196.01
T000260,D0151,Kolkata,2026-08-26 07:58:28,2026-08-26 08:27:28,15.7,346.09
T000261,D0046,Mumbai,2026-08-17 13:20:13,2026-08-17 14:32:13,36.42,550.34
T000262,D0145,Delhi,2026-08-14 20:39:32,2026-08-14 20:56:32,19.83,345.52
T000263,D0166,Kolkata,2026-08-05 11:10:12,2026-08-05 12:16:12,39.74,907.18
T000264,D0013,Hyderabad,2026-08-20 03:29:15,2026-08-20 03:49:15,12.18,177.41
T000265,D0039,Jaipur,2026-08-24 03:55:39,2026-08-24 04:00:39,2.66,53.84
T000266,D0156,Lucknow,2026-08-29 14:37:19,2026-08-29 15:18:19,23.12,267.84
T000267,D0149,Pune,2026-08-21 03:39:42,2026-08-21 04:06:42,16.86,202.85
T000268,D0087,Mumbai,2026-08-02 19:02:06,2026-08-02 19:02:06,23.8,364.24
T000269,D0163,Pune,2026-08-27 17:49:31,2026-08-27 17:54:31,3.31,40.27
T000270,D0001,Mumbai,2026-08-27 04:39:56,2026-08-27 05:16:56,18.96,285.23
T000271,D0151,Delhi,2026-08-16 18:41:14,2026-08-16 18:56:14,15.71,304.64
T000272,D0088,Mumbai,2026-08-20 14:40:00,2026-08-20 15:08:00,14.05,211.81
T000273,D0064,Hyderabad,2026-08-30 13:20:49,2026-08-30 13:45:49,16.0,224.8
T000274,D0020,Hyderabad,2026-08-20 06:35:43,2026-08-20 07:12:43,22.91,312.78
T000275,D0165,Delhi,2026-08-13 23:25:17,2026-08-13 23:42:17,17.72,341.63
T000276,D0189,Hyderabad,2026-08-12 09:37:18,2026-08-12 09:54:18,10.0,132.84
T000277,D0140,Jaipur,2026-08-15 15:04:00,2026-08-15 15:59:00,31.92,579.02
T000278,D0035,Mumbai,2026-08-27 17:37:36,2026-08-27 18:02:36,13.99,212.41
T000279,D0081,Bangalore,2026-08-22 11:13:43,2026-08-22 12:08:43,32.94,358.89
T000280,D0170,Kolkata,2026-08-08 22:51:17,2026-08-09 00:00:17,35.7,776.25
T000281,D0151,Jaipur,2026-08-21 14:40:15,2026-08-21 14:55:15,9.01,164.44
T000282,D0015,Delhi,2026-08-29 11:34:57,2026-08-29 11:52:57,21.24,401.99
T000283,D0057,Pune,2026-08-23 03:25:16,2026-08-23 03:47:16,,204.63
T000284,D0142,Bangalore,2026-08-01 16:15:10,2026-08-01 17:31:10,39.3,448.57
T000285,D0045,Bangalore,2026-08-01 10:41:34,2026-08-01 10:59:34,10.74,129.57
T000286,D0130,Bangalore,2026-08-26 15:20:54,2026-08-26 15:37:54,9.61,109.45
T000287,D0047,Pune,2026-08-16 18:32:05,2026-08-16 18:58:05,16.9,211.04
T000288,D0094,Chennai,2026-08-15 09:59:12,2026-08-15 10:35:12,38.31,559.77
T000289,D0171,Bangalore,2026-08-24 15:47:32,2026-08-24 15:52:32,2.78,34.22
T000290,D0166,Lucknow,2026-08-21 23:51:48,2026-08-22 00:55:48,33.44,410.56
T000291,D0156,Kolkata,2026-08-10 11:32:00,2026-08-10 11:32:00,28.66,667.71
T000292,D0190,Lucknow,2026-08-27 17:13:22,2026-08-27 18:21:22,37.71,487.96
T000293,D0135,Lucknow,2026-08-22 20:22:27,2026-08-22 21:14:27,24.94,301.73
T000294,D0066,Hyderabad,2026-08-28 08:27:45,2026-08-28 09:18:45,31.07,417.65
T000295,D0092,Hyderabad,2026-08-01 17:05:20,2026-08-01 17:50:20,24.97,330.18
T000296,D0179,Chennai,2026-08-25 15:50:42,2026-08-25 16:07:42,18.88,292.69
T000297,D0003,Delhi,2026-08-19 15:16:12,2026-08-19 15:50:12,34.77,611.99
T000298,D0087,Hyderabad,2026-08-27 06:26:07,2026-08-27 07:17:07,30.2,363.68
T000299,D0184,Hyderabad,2026-08-29 14:27:04,2026-08-29 15:21:04,35.36,429.1
T000300,D0033,Mumbai,2026-08-16 22:53:40,2026-08-16 23:05:40,6.56,95.62
T000301,D0180,Hyderabad,2026-08-20 21:17:22,2026-08-20 22:00:22,25.08,365.4
T000302,D0097,Delhi,2026-08-25 11:24:21,2026-08-25 11:50:21,30.49,558.92
T000303,D0051,Kolkata,2026-08-26 13:18:10,2026-08-26 14:22:10,38.98,892.47
T000304,D0063,Kolkata,2026-08-12 05:50:30,2026-08-12 06:33:30,25.1,550.21
T000305,D0191,Kolkata,2026-08-19 09:59:13,2026-08-19 10:18:13,9.99,234.35
T000306,D0044,Pune,2026-08-01 01:42:17,2026-08-01 02:27:17,29.08,382.4
T000307,D0132,Delhi,2026-08-02 12:20:07,2026-08-02 12:56:07,39.7,733.72
T000308,D0141,Ahmedabad,2026-08-16 10:00:40,2026-08-16 11:29:40,-37.68,562.58
T000309,D0126,Hyderabad,2026-08-21 20:26:34,2026-08-21 20:30:34,2.43,29.73
T000310,D0068,Mumbai,2026-08-25 07:52:50,2026-08-25 08:12:50,,151.24
T000311,D0132,Kolkata,2026-08-19 02:16:06,2026-08-19 03:17:06,31.81,692.83
T000312,D0018,Jaipur,2026-08-08 21:58:59,2026-08-08 22:10:59,6.93,146.41
T000313,D0006,Chennai,2026-08-01 03:41:40,2026-08-01 04:07:40,27.55,410.59
T000314,D0005,Mumbai,2026-08-03 16:05:43,2026-08-03 16:10:43,2.34,32.04
T000315,D0149,Lucknow,2026-08-01 10:15:06,2026-08-01 11:00:06,23.24,281.05
T000316,D0016,Jaipur,2026-08-26 07:36:38,2026-08-26 07:58:38,11.55,209.82
T000317,D0031,Chennai,2026-08-27 23:00:23,2026-08-27 23:30:23,-28.62,394.72
T000318,D0056,Bangalore,2026-08-28 07:24:50,2026-08-28 07:39:50,9.03,114.09
T000319,D0081,Chennai,2026-08-09 13:40:18,2026-08-09 13:52:18,13.56,176.63
T000320,D0074,Delhi,2026-08-04 01:11:21,2026-08-04 01:43:21,33.65,583.53
T000321,D0171,Pune,2026-08-03 19:56:15,2026-08-03 20:36:15,24.4,343.52
T000322,D0023,Delhi,2026-08-06 18:52:15,2026-08-06 18:56:15,4.18,83.42
T000323,D0185,Chennai,2026-08-14 21:20:38,2026-08-14 21:47:38,29.13,
T000324,D0196,Bangalore,2026-08-13 05:19:48,2026-08-13 06:16:48,31.07,362.39
T000325,D0063,Lucknow,2026-08-19 13:35:08,2026-08-19 14:44:08,34.85,435.58
T000326,D0019,Ahmedabad,2026-08-17 16:26:43,2026-08-17 17:44:43,36.61,
T000327,D0194,Kolkata,2026-08-14 10:38:01,2026-08-14 11:14:01,22.23,515.89
T000328,D0121,Pune,2026-08-20 20:49:07,2026-08-20 21:21:07,19.34,251.84
T000329,D0033,Jaipur,2026-08-01 19:56:06,2026-08-01 20:27:06,16.07,297.6
T000330,D0042,Jaipur,2026-08-08 06:10:28,2026-08-08 06:25:28,8.34,
T000331,D0071,Mumbai,2026-08-30 17:04:34,2026-08-30 17:28:34,11.65,158.92
T000332,D0116,Ahmedabad,2026-08-16 00:52:25,2026-08-16 01:04:25,4.94,69.56
T000333,D0137,Mumbai,2026-08-08 13:31:41,2026-08-08 14:31:41,28.01,371.9
T000334,D0094,Bangalore,2026-08-03 06:36:40,2026-08-03 07:31:40,29.59,345.04
T000335,D0171,Jaipur,2026-08-18 05:57:25,2026-08-18 06:57:25,34.6,684.09
T000336,D0070,Pune,2026-08-17 14:32:55,2026-08-17 15:18:55,26.86,348.29
T000337,D0145,Lucknow,2026-08-11 04:51:48,2026-08-11 04:59:48,4.37,53.27
T000338,D0179,Kolkata,2026-08-12 20:40:44,2026-08-12 21:10:44,15.67,364.39
T000339,D0130,Lucknow,2026-08-01 07:57:09,2026-08-01 08:14:09,9.42,112.88
T000340,D0131,Hyderabad,2026-08-07 20:06:48,2026-08-07 20:20:48,8.17,110.56
T000341,D0113,Jaipur,2026-08-30 03:21:43,2026-08-30 04:27:43,36.34,691.18
T000342,D0111,Lucknow,2026-08-25 20:13:55,2026-08-25 20:52:55,20.05,247.02
T000343,D0054,Mumbai,2026-08-14 10:38:19,2026-08-14 10:56:19,9.8,128.64
T000344,D0022,Bangalore,2026-08-08 22:36:01,2026-08-08 23:14:01,20.46,259.57
T000345,D0165,Lucknow,2026-08-12 12:30:05,2026-08-12 13:20:05,27.76,323.09
T000346,D0172,Chennai,2026-08-30 04:55:57,2026-08-30 05:09:57,15.01,228.94
T000347,D0014,Bangalore,2026-08-11 13:29:20,2026-08-11 13:54:20,14.01,152.61
T000348,D0082,Pune,2026-08-25 06:29:32,2026-08-25 07:09:32,23.25,282.49
T000349,D0124,Lucknow,2026-08-16 02:59:46,2026-08-16 03:44:46,24.99,321.65
T000350,D0166,Pune,2026-08-21 04:08:43,2026-08-21 05:06:43,34.34,501.53
T000351,D0068,Pune,2026-08-01 22:11:34,2026-08-01 23:10:34,39.61,497.86
T000352,D0042,Hyderabad,2026-08-15 20:45:52,2026-08-15 20:45:52,38.18,459.48
T000353,D0072,Hyderabad,2026-08-03 08:37:20,2026-08-03 08:48:20,6.4,87.28
T000354,D0045,Pune,2026-08-28 10:54:12,2026-08-28 11:29:12,20.78,262.85
T000355,D0146,Pune,2026-08-07 22:23:35,2026-08-07 22:48:35,15.37,205.31
T000356,D0179,Chennai,2026-08-20 05:10:57,2026-08-20 05:50:57,39.33,
T000357,D0010,Chennai,2026-08-02 19:59:15,2026-08-02 20:29:15,-29.76,445.68
T000358,D0134,Jaipur,2026-08-25 14:50:50,2026-08-25 15:27:50,19.92,370.82
T000359,D0186,Delhi,2026-08-28 08:02:10,2026-08-28 08:28:10,28.91,539.17
T000360,D0186,Jaipur,2026-08-22 20:54:40,2026-08-22 21:09:40,8.29,145.51
T000361,D0078,Pune,2026-08-18 03:09:52,2026-08-18 03:38:52,18.64,255.93
T000362,D0114,Mumbai,2026-08-22 10:48:22,2026-08-22 11:50:22,30.8,406.72
T000363,D0126,Bangalore,2026-08-18 16:10:19,2026-08-18 16:48:19,23.56,264.39
T000364,D0114,Ahmedabad,2026-08-01 09:45:36,2026-08-01 10:33:36,23.89,354.17
T000365,D0081,Delhi,2026-08-25 17:39:31,2026-08-25 17:39:31,9.92,188.03
T000366,D0190,Hyderabad,2026-08-07 17:09:28,2026-08-07 18:16:28,39.67,495.24
T000367,D0118,Lucknow,2026-08-26 17:47:57,2026-08-26 18:13:57,13.71,171.4
T000368,D0080,Jaipur,2026-08-27 19:16:16,2026-08-27 19:41:16,,266.86
T000369,D0088,Lucknow,2026-08-11 00:51:27,2026-08-11 01:18:27,12.74,145.67
T000370,D0159,Mumbai,2026-08-21 15:40:28,2026-08-21 16:11:28,-16.44,243.79
T000371,D0014,Ahmedabad,2026-08-22 19:35:49,2026-08-22 20:48:49,32.97,510.38
T000372,D0047,Mumbai,2026-08-06 05:01:59,2026-08-06 05:12:59,5.7,79.82
T000373,D0152,Ahmedabad,2026-08-22 19:03:45,2026-08-22 19:50:45,21.83,322.21
T000374,D0045,Ahmedabad,2026-08-24 16:53:52,2026-08-24 17:27:52,16.81,257.32
T000375,D0172,Lucknow,2026-08-14 06:23:59,2026-08-14 06:39:59,8.86,113.67
T000376,D0191,Mumbai,2026-08-27 16:53:44,2026-08-27 17:13:44,10.73,150.21
T000377,D0120,Mumbai,2026-08-19 20:25:58,2026-08-19 20:33:58,4.04,62.15
T000378,D0158,Pune,2026-08-25 15:14:51,2026-08-25 15:23:51,5.65,80.63
T000379,D0157,Ahmedabad,2026-08-25 12:58:48,2026-08-25 13:16:48,7.66,121.6
T000380,D0167,Chennai,2026-08-11 22:06:43,2026-08-11 22:33:43,31.91,491.18
T000381,D0096,Delhi,2026-08-06 00:28:22,2026-08-06 00:54:22,28.57,540.2
T000382,D0184,Jaipur,2026-08-16 14:44:39,2026-08-16 15:54:39,37.63,709.24
T000383,D0081,Ahmedabad,2026-08-15 15:28:43,2026-08-15 16:36:43,30.15,444.5
T000384,D0028,Hyderabad,2026-08-09 10:53:39,2026-08-09 11:03:39,5.81,72.11
T000385,D0174,Jaipur,2026-08-06 23:45:15,2026-08-07 00:27:15,22.37,459.29
T000386,D0119,Jaipur,2026-08-17 13:19:55,2026-08-17 14:15:55,29.5,579.31
T000387,D0043,Pune,2026-08-24 12:24:16,2026-08-24 13:07:16,28.26,406.45
T000388,D0200,Chennai,2026-08-27 01:08:10,2026-08-27 01:17:10,9.61,130.3
T000389,D0093,Pune,2026-08-03 23:41:48,2026-08-04 00:02:48,14.47,186.43
T000390,D0074,Lucknow,2026-08-29 21:33:00,2026-08-29 22:37:00,35.47,423.8
T000391,D0045,Chennai,2026-08-16 05:17:54,2026-08-16 05:33:54,17.1,252.6
T000392,D0200,Bangalore,2026-08-19 20:51:56,2026-08-19 21:34:56,26.75,311.54
T000393,D0053,Lucknow,2026-08-11 18:52:24,2026-08-11 19:12:24,,133.19
T000394,D0105,Hyderabad,2026-08-05 15:32:56,2026-08-05 16:00:56,18.49,226.53
T000395,D0193,Delhi,2026-08-06 09:47:28,2026-08-06 10:06:28,22.28,466.65
T000396,D0180,Pune,2026-08-08 00:03:51,2026-08-08 00:30:51,16.27,232.43
T000397,D0138,Jaipur,2026-08-14 10:56:55,2026-08-14 12:09:55,37.8,679.05
T000398,D0035,Delhi,2026-08-08 02:54:40,2026-08-08 03:00:40,6.55,115.75
T000399,D0036,Pune,2026-08-30 10:51:23,2026-08-30 11:41:23,32.16,412.04
T000400,D0152,Bangalore,2026-08-18 09:49:49,2026-08-18 10:48:49,31.61,394.17
T000401,D0145,Ahmedabad,2026-08-02 15:55:13,2026-08-02 17:23:13,37.06,541.18
T000402,D0090,Delhi,2026-08-11 03:32:55,2026-08-11 03:47:55,15.7,323.22
T000403,D0185,Mumbai,2026-08-19 14:57:53,2026-08-19 14:57:53,20.06,306.15
T000404,D0078,Chennai,2026-08-11 00:10:04,2026-08-11 00:35:04,28.19,420.67
T000405,D0198,Bangalore,2026-08-13 23:02:38,2026-08-14 00:04:38,33.15,
T000406,D0148,Mumbai,2026-08-20 10:21:41,2026-08-20 10:50:41,14.61,224.76
T000407,D0090,Jaipur,2026-08-24 10:37:51,2026-08-24 11:31:51,27.35,513.79
T000408,D0051,Kolkata,2026-08-20 23:17:58,2026-08-20 23:47:58,18.58,430.56
T000409,D0117,Mumbai,2026-08-08 00:44:01,2026-08-08 01:08:01,11.04,161.68
T000410,D0135,Lucknow,2026-08-22 09:33:02,2026-08-22 10:23:02,23.57,317.86
T000411,D0061,Bangalore,2026-08-03 03:38:22,2026-08-03 04:08:22,18.35,216.59
T000412,D0117,Pune,2026-08-21 03:11:43,2026-08-21 04:01:43,31.6,382.18
T000413,D0063,Delhi,2026-08-26 09:31:36,2026-08-26 09:46:36,15.83,278.99
T000414,D0039,Mumbai,2026-08-22 04:51:16,2026-08-22 06:02:16,38.13,525.56
T000415,D0151,Hyderabad,2026-08-02 04:50:24,2026-08-02 05:26:24,-19.95,243.02
T000416,D0138,Kolkata,2026-08-05 11:01:14,2026-08-05 11:35:14,19.85,389.92
T000417,D0134,Kolkata,2026-08-30 05:24:38,2026-08-30 06:05:38,22.71,525.19
T000418,D0054,Kolkata,2026-08-24 04:26:01,2026-08-24 05:27:01,33.64,663.67
T000419,D0028,Lucknow,2026-08-30 15:48:06,2026-08-30 16:58:06,34.91,407.11
T000420,D0111,Chennai,2026-08-06 09:25:45,2026-08-06 09:51:45,28.21,363.02
T000421,D0144,Chennai,2026-08-05 10:33:33,2026-08-05 10:46:33,13.68,198.32
T000422,D0159,Hyderabad,2026-08-20 00:45:17,2026-08-20 01:26:17,25.86,312.38
T000423,D0199,Ahmedabad,2026-08-22 06:10:29,2026-08-22 06:31:29,10.32,160.77
T000424,D0181,Ahmedabad,2026-08-22 10:32:24,2026-08-22 11:23:24,22.29,302.27
T000425,D0169,Ahmedabad,2026-08-23 02:44:48,2026-08-23 03:12:48,13.24,185.2
T000426,D0193,Kolkata,2026-08-21 02:05:54,2026-08-21 03:14:54,39.57,828.29
T000427,D0030,Chennai,2026-08-15 20:56:13,2026-08-15 20:58:13,2.65,37.81
T000428,D0078,Pune,2026-08-13 13:57:30,2026-08-13 14:54:30,34.13,497.82
T000429,D0010,Delhi,2026-08-06 04:28:04,2026-08-06 04:48:04,21.07,398.51
T000430,D0033,Ahmedabad,2026-08-23 19:11:49,2026-08-23 20:11:49,29.73,434.92
T000431,D0119,Bangalore,2026-08-27 02:30:17,2026-08-27 02:48:17,9.66,123.18
T000432,D0006,Hyderabad,2026-08-01 13:57:07,2026-08-01 14:38:07,26.57,354.48
T000433,D0164,Lucknow,2026-08-20 11:42:43,2026-08-20 11:54:43,6.26,81.09
T000434,D0174,Lucknow,2026-08-22 17:12:58,2026-08-22 17:23:58,5.48,67.35
T000435,D0031,Bangalore,2026-08-10 02:59:37,2026-08-10 03:13:37,8.45,107.67
T000436,D0039,Jaipur,2026-08-26 17:14:34,2026-08-26 17:37:34,13.59,244.32
T000437,D0145,Chennai,2026-08-11 13:11:33,2026-08-11 13:16:33,5.41,80.23
T000438,D0018,Kolkata,2026-08-13 22:52:05,2026-08-13 23:38:05,25.35,575.46
T000439,D0073,Lucknow,2026-08-13 20:34:33,2026-08-13 20:41:33,4.16,52.06
T000440,D0197,Ahmedabad,2026-08-21 11:33:53,2026-08-21 12:11:53,18.59,252.71
T000441,D0131,Bangalore,2026-08-21 20:17:53,2026-08-21 21:25:53,38.23,499.46
T000442,D0094,Delhi,2026-08-09 16:25:55,2026-08-09 16:55:55,31.99,664.55
T000443,D0177,Mumbai,2026-08-22 16:09:25,2026-08-22 16:39:25,14.23,191.8
T000444,D0157,Jaipur,2026-08-19 12:24:30,2026-08-19 12:35:30,6.07,126.37
T000445,D0054,Bangalore,2026-08-23 22:06:52,2026-08-23 22:29:52,13.86,173.11
T000446,D0138,Delhi,2026-08-19 11:22:18,2026-08-19 11:45:18,27.18,506.55
T000447,D0076,Bangalore,2026-08-07 09:32:02,2026-08-07 09:51:02,10.8,119.27
T000448,D0126,Lucknow,2026-08-22 04:09:25,2026-08-22 04:28:25,9.63,116.03
T000449,D0153,Lucknow,2026-08-06 15:04:52,2026-08-06 15:22:52,8.76,114.31
T000450,D0007,Lucknow,2026-08-22 00:43:10,2026-08-22 01:14:10,17.21,233.05
T000451,D0111,Kolkata,2026-08-07 20:50:09,2026-08-07 21:25:09,18.18,379.79
T000452,D0131,Mumbai,2026-08-10 18:50:31,2026-08-10 19:39:31,24.73,
T000453,D0067,Mumbai,2026-08-16 19:37:08,2026-08-16 20:44:08,31.74,468.85
T000454,D0117,Bangalore,2026-08-28 06:13:27,2026-08-28 06:57:27,27.12,343.21
T000455,D0098,Hyderabad,2026-08-05 14:21:27,2026-08-05 14:41:27,12.8,167.51
T000456,D0101,Bangalore,2026-08-24 06:00:05,2026-08-24 06:46:05,24.14,
T000457,D0154,Ahmedabad,2026-08-12 07:28:52,2026-08-12 08:16:52,21.36,282.72
T000458,D0157,Mumbai,2026-08-13 03:06:17,2026-08-13 03:56:17,27.56,357.88
T000459,D0150,Bangalore,2026-08-17 20:59:51,2026-08-17 21:59:51,31.24,399.67
T000460,D0084,Hyderabad,2026-08-18 04:56:43,2026-08-18 05:18:43,,187.12
T000461,D0064,Delhi,2026-08-18 05:49:45,2026-08-18 06:22:45,35.31,687.78
T000462,D0183,Chennai,2026-08-16 02:05:39,2026-08-16 02:43:39,38.35,551.88
T000463,D0059,Hyderabad,2026-08-29 12:50:52,2026-08-29 12:54:52,2.18,31.24
T000464,D0036,Delhi,2026-08-12 17:34:30,2026-08-12 18:08:30,34.72,649.21
T000465,D0019,Delhi,2026-08-27 20:30:03,2026-08-27 21:02:03,38.67,787.92
T000466,D0056,Pune,2026-08-19 17:48:31,2026-08-19 18:50:31,,440.85
T000467,D0164,Kolkata,2026-08-06 11:13:15,2026-08-06 12:05:15,28.63,577.44
T000468,D0018,Hyderabad,2026-08-25 19:57:43,2026-08-25 20:59:43,39.38,508.0
T000469,D0118,Mumbai,2026-08-12 05:01:17,2026-08-12 05:14:17,6.55,98.86
T000470,D0050,Bangalore,2026-08-30 04:10:10,2026-08-30 05:18:10,38.21,462.46
T000471,D0079,Bangalore,2026-08-12 19:34:08,2026-08-12 19:58:08,13.7,
T000472,D0161,Hyderabad,2026-08-17 23:08:34,2026-08-17 23:30:34,12.1,173.45
T000473,D0030,Ahmedabad,2026-08-03 01:23:14,2026-08-03 01:45:14,9.84,147.37
T000474,D0160,Chennai,2026-08-06 09:24:20,2026-08-06 09:33:20,9.34,144.28
T000475,D0122,Lucknow,2026-08-02 06:02:46,2026-08-02 06:37:46,18.73,240.44
T000476,D0005,Delhi,2026-08-26 19:58:43,2026-08-26 20:36:43,38.08,674.2
T000477,D0050,Delhi,2026-08-16 13:11:53,2026-08-16 13:47:53,36.72,706.29
T000478,D0099,Kolkata,2026-08-01 09:13:06,2026-08-01 09:54:06,22.66,531.29
T000479,D0195,Kolkata,2026-08-26 17:36:01,2026-08-26 18:15:01,22.09,433.14
T000480,D0007,Ahmedabad,2026-08-28 07:41:12,2026-08-28 08:15:12,16.97,231.82
T000481,D0011,Jaipur,2026-08-03 12:12:05,2026-08-03 13:19:05,-34.16,634.77
T000482,D0177,Kolkata,2026-08-29 19:21:09,2026-08-29 19:56:09,20.04,452.57
T000483,D0152,Bangalore,2026-08-07 08:45:10,2026-08-07 09:25:10,23.1,279.8
T000484,D0133,Bangalore,2026-08-11 13:31:30,2026-08-11 13:47:30,9.38,122.92
T000485,D0042,Bangalore,2026-08-28 15:35:46,2026-08-28 15:56:46,12.14,152.77
T000486,D0104,Chennai,2026-08-05 06:26:45,2026-08-05 06:36:45,10.02,147.67
T000487,D0182,Hyderabad,2026-08-01 17:18:34,2026-08-01 17:32:34,7.74,112.43
T000488,D0145,Lucknow,2026-08-21 21:05:16,2026-08-21 21:47:16,20.05,270.58
T000489,D0017,Ahmedabad,2026-08-06 05:35:52,2026-08-06 06:57:52,38.86,
T000490,D0111,Delhi,2026-08-17 09:40:51,2026-08-17 09:59:51,21.23,418.18
T000491,D0092,Lucknow,2026-08-13 01:01:37,2026-08-13 02:08:37,34.17,471.79
T000492,D0047,Kolkata,2026-08-28 11:48:52,2026-08-28 12:05:52,10.7,245.32
T000493,D0016,Lucknow,2026-08-17 17:22:33,2026-08-17 17:32:33,-4.88,62.98
T000494,D0117,Ahmedabad,2026-08-06 08:17:57,2026-08-06 09:10:57,25.78,407.24
T000495,D0151,Pune,2026-08-25 20:24:37,2026-08-25 20:33:37,5.47,66.01
T000496,D0176,Jaipur,2026-08-30 20:33:17,2026-08-30 21:40:17,34.08,613.37
T000497,D0129,Hyderabad,2026-08-22 11:52:06,2026-08-22 12:40:06,29.72,387.13
T000498,D0161,Hyderabad,2026-08-06 20:17:46,2026-08-06 20:40:46,12.9,157.74
T000499,D0096,Jaipur,2026-08-09 19:01:10,2026-08-09 19:19:10,10.32,
T000500,D0027,Kolkata,2026-08-22 23:34:59,2026-08-23 00:33:59,-34.9,770.23
T000501,D0005,Lucknow,2026-08-24 17:27:15,2026-08-24 18:09:15,23.38,268.96
T000502,D0184,Hyderabad,2026-08-02 18:24:21,2026-08-02 18:45:21,12.21,162.1
T000503,D0058,Pune,2026-08-01 19:51:06,2026-08-01 20:23:06,19.28,
T000504,D0046,Pune,2026-08-03 19:25:08,2026-08-03 19:30:08,2.87,37.35
T000505,D0138,Chennai,2026-08-04 22:44:17,2026-08-04 23:01:17,17.01,218.95
T000506,D0066,Lucknow,2026-08-26 13:31:34,2026-08-26 13:46:34,8.18,98.01
T000507,D0097,Jaipur,2026-08-22 06:10:17,2026-08-22 06:28:17,9.18,189.15
T000508,D0007,Kolkata,2026-08-20 08:12:54,2026-08-20 08:51:54,21.43,442.95
T000509,D0111,Mumbai,2026-08-23 22:29:57,2026-08-23 23:32:57,33.62,444.02
T000510,D0045,Delhi,2026-08-27 09:00:13,2026-08-27 09:19:13,21.34,407.58
T000511,D0182,Hyderabad,2026-08-21 01:09:58,2026-08-21 02:01:58,30.44,393.56
T000512,D0140,Ahmedabad,2026-08-20 07:11:37,2026-08-20 08:03:37,22.96,323.68
T000513,D0182,Jaipur,2026-08-11 22:46:38,2026-08-11 22:46:38,12.06,212.65
T000514,D0126,Kolkata,2026-08-08 18:56:25,2026-08-08 19:16:25,12.03,261.55
T000515,D0099,Bangalore,2026-08-08 17:39:27,2026-08-08 18:42:27,33.19,370.76
T000516,D0120,Bangalore,2026-08-09 09:04:10,2026-08-09 09:12:10,4.59,57.64
T000517,D0165,Bangalore,2026-08-03 19:27:22,2026-08-03 19:48:22,12.31,159.3
T000518,D0098,Chennai,2026-08-18 06:29:04,2026-08-18 06:54:04,24.63,379.94
T000519,D0090,Kolkata,2026-08-15 01:55:12,2026-08-15 01:55:12,5.14,108.53
T000520,D0069,Kolkata,2026-08-21 22:34:46,2026-08-21 23:23:46,28.95,610.61
T000521,D0097,Delhi,2026-08-08 07:45:28,2026-08-08 08:17:28,34.57,640.2
T000522,D0046,Mumbai,2026-08-29 18:54:24,2026-08-29 20:00:24,32.14,491.92
T000523,D0092,Delhi,2026-08-06 13:30:19,2026-08-06 13:50:19,22.2,441.01
T000524,D0077,Lucknow,2026-08-26 14:29:07,2026-08-26 15:37:07,36.65,490.34
T000525,D0200,Delhi,2026-08-07 17:08:01,2026-08-07 17:32:01,26.58,492.15
T000526,D0102,Bangalore,2026-08-26 20:05:07,2026-08-26 20:14:07,4.86,54.33
T000527,D0124,Ahmedabad,2026-08-25 18:22:31,2026-08-25 19:16:31,24.39,379.26
T000528,D0143,Pune,2026-08-04 22:31:20,2026-08-04 23:14:20,24.5,302.3
T000529,D0050,Ahmedabad,2026-08-09 13:15:03,2026-08-09 13:28:03,5.45,74.06
T000530,D0175,Ahmedabad,2026-08-20 12:39:49,2026-08-20 13:42:49,29.12,439.2
T000531,D0062,Hyderabad,2026-08-28 00:43:08,2026-08-28 01:12:08,16.6,216.74
T000532,D0097,Mumbai,2026-08-16 04:19:51,2026-08-16 04:33:51,7.11,103.32
T000533,D0005,Bangalore,2026-08-15 02:21:11,2026-08-15 02:21:11,15.11,197.04
T000534,D0187,Lucknow,2026-08-22 07:36:30,2026-08-22 08:06:30,14.05,179.41
T000535,D0177,Kolkata,2026-08-03 11:38:31,2026-08-03 12:19:31,24.18,553.24
T000536,D0005,Mumbai,2026-08-21 13:27:18,2026-08-21 14:04:18,17.43,250.12
T000537,D0104,Bangalore,2026-08-28 00:59:52,2026-08-28 01:40:52,,286.74
T000538,D0157,Bangalore,2026-08-07 22:48:07,2026-08-07 23:50:07,37.28,
T000539,D0153,Kolkata,2026-08-09 01:37:29,2026-08-09 02:33:29,31.97,654.89
T000540,D0106,Hyderabad,2026-08-02 16:41:04,2026-08-02 17:33:04,31.61,458.67
T000541,D0143,Delhi,2026-08-16 17:28:50,2026-08-16 17:36:50,8.47,177.39
T000542,D0158,Delhi,2026-08-25 10:25:20,2026-08-25 11:00:20,35.99,699.0
T000543,D0190,Kolkata,2026-08-13 15:30:06,2026-08-13 15:58:06,16.89,382.8
T000544,D0032,Hyderabad,2026-08-08 17:55:56,2026-08-08 18:46:56,34.01,443.42
T000545,D0028,Hyderabad,2026-08-01 10:16:34,2026-08-01 11:15:34,38.87,562.32
T000546,D0021,Ahmedabad,2026-08-08 08:19:44,2026-08-08 09:00:44,19.7,259.59
T000547,D0065,Mumbai,2026-08-05 16:26:58,2026-08-05 17:24:58,,387.69
T000548,D0100,Kolkata,2026-08-08 02:44:02,2026-08-08 03:47:02,32.98,
T000549,D0044,Lucknow,2026-08-11 20:23:00,2026-08-11 20:38:00,8.05,109.79
T000550,D0172,Pune,2026-08-30 08:34:58,2026-08-30 09:02:58,17.13,241.34
T000551,D0193,Delhi,2026-08-16 19:47:26,2026-08-16 20:09:26,-22.14,433.44
T000552,D0001,Bangalore,2026-08-01 17:40:44,2026-08-01 18:40:44,32.71,388.85
T000553,D0195,Bangalore,2026-08-14 15:35:12,2026-08-14 16:14:12,22.85,
T000554,D0079,Hyderabad,2026-08-23 06:20:50,2026-08-23 06:45:50,,227.25
T000555,D0182,Delhi,2026-08-25 17:51:05,2026-08-25 18:09:05,21.06,363.68
T000556,D0030,Ahmedabad,2026-08-05 13:59:16,2026-08-05 15:21:16,39.74,536.78
T000557,D0037,Pune,2026-08-13 06:02:11,2026-08-13 06:55:11,30.86,445.05
T000558,D0124,Jaipur,2026-08-11 19:46:48,2026-08-11 21:02:48,,757.76
T000559,D0113,Pune,2026-08-07 04:14:58,2026-08-07 04:43:58,17.52,251.63
T000560,D0051,Mumbai,2026-08-13 03:39:06,2026-08-13 03:47:06,4.01,56.97
T000561,D0001,Chennai,2026-08-12 03:16:05,2026-08-12 03:50:05,33.77,467.7
T000562,D0071,Ahmedabad,2026-08-25 14:28:26,2026-08-25 14:43:26,7.34,97.76
T000563,D0113,Mumbai,2026-08-11 15:26:28,2026-08-11 15:38:28,6.12,80.01
T000564,D0084,Jaipur,2026-08-11 12:09:24,2026-08-11 12:25:24,8.13,167.34
T000565,D0124,Pune,2026-08-13 05:24:06,2026-08-13 06:05:06,23.54,295.6
T000566,D0045,Lucknow,2026-08-27 00:27:53,2026-08-27 00:33:53,2.61,36.01
T000567,D0095,Chennai,2026-08-13 14:24:54,2026-08-13 14:50:54,26.42,371.88
T000568,D0147,Pune,2026-08-10 04:51:06,2026-08-10 05:02:06,6.01,78.2
T000569,D0104,Pune,2026-08-20 22:07:55,2026-08-20 22:31:55,15.04,207.65
T000570,D0112,Lucknow,2026-08-14 09:23:56,2026-08-14 10:23:56,31.38,432.26
T000571,D0008,Chennai,2026-08-30 17:50:10,2026-08-30 18:09:10,19.94,272.51
T000572,D0058,Mumbai,2026-08-29 20:53:34,2026-08-29 21:41:34,22.18,321.85
T000573,D0018,Jaipur,2026-08-22 07:48:54,2026-08-22 08:52:54,34.23,676.0
T000574,D0172,Kolkata,2026-08-08 09:55:52,2026-08-08 10:50:52,29.78,688.79
T000575,D0043,Kolkata,2026-08-24 23:15:49,2026-08-24 23:24:49,5.76,126.67
T000576,D0077,Ahmedabad,2026-08-11 10:26:03,2026-08-11 10:26:03,26.93,412.45
T000577,D0035,Hyderabad,2026-08-07 17:44:39,2026-08-07 18:02:39,11.54,147.86
T000578,D0129,Kolkata,2026-08-17 04:30:20,2026-08-17 05:11:20,21.81,423.1
T000579,D0086,Lucknow,2026-08-15 07:16:10,2026-08-15 07:59:10,20.89,
T000580,D0127,Delhi,2026-08-13 13:38:17,2026-08-13 13:52:17,16.72,347.23
T000581,D0082,Delhi,2026-08-19 14:54:09,2026-08-19 14:54:09,3.5,73.1
T000582,D0159,Bangalore,2026-08-26 09:13:35,2026-08-26 10:12:35,30.33,385.65
T000583,D0133,Pune,2026-08-07 06:33:30,2026-08-07 07:35:30,,504.47
T000584,D0114,Kolkata,2026-08-12 16:35:42,2026-08-12 17:17:42,21.77,420.4
T000585,D0172,Bangalore,2026-08-09 04:16:59,2026-08-09 05:15:59,35.92,412.38
T000586,D0012,Lucknow,2026-08-11 04:01:53,2026-08-11 05:09:53,,447.45
T000587,D0169,Bangalore,2026-08-25 03:17:57,2026-08-25 03:44:57,16.83,209.51
T000588,D0059,Mumbai,2026-08-19 10:43:45,2026-08-19 10:43:45,12.94,166.79
T000589,D0131,Pune,2026-08-21 08:30:03,2026-08-21 09:09:03,24.34,304.46
T000590,D0200,Mumbai,2026-08-17 08:08:24,2026-08-17 09:13:24,-32.25,470.91
T000591,D0019,Chennai,2026-08-26 02:30:47,2026-08-26 03:03:47,38.01,
T000592,D0067,Kolkata,2026-08-20 04:27:54,2026-08-20 04:44:54,10.29,210.27
T000593,D0079,Mumbai,2026-08-09 17:26:22,2026-08-09 18:14:22,25.52,375.53
T000594,D0141,Mumbai,2026-08-15 10:22:52,2026-08-15 11:25:52,31.98,481.67
T000595,D0129,Chennai,2026-08-07 02:54:40,2026-08-07 02:57:40,3.6,46.39
T000596,D0154,Hyderabad,2026-08-01 03:11:04,2026-08-01 04:01:04,29.61,375.68
T000597,D0097,Chennai,2026-08-04 12:36:42,2026-08-04 12:44:42,8.64,125.35
T000598,D0005,Jaipur,2026-08-28 12:19:42,2026-08-28 13:16:42,29.44,556.99
T000599,D0045,Bangalore,2026-08-26 14:50:37,2026-08-26 15:21:37,17.8,233.61
T000600,D0157,Bangalore,2026-08-20 05:08:22,2026-08-20 05:58:22,26.82,304.11
T000601,D0050,Ahmedabad,2026-08-27 05:10:22,2026-08-27 05:56:22,22.69,340.01
T000602,D0159,Jaipur,2026-08-29 22:11:36,2026-08-29 22:11:36,11.72,233.71
T000603,D0071,Hyderabad,2026-08-08 03:24:51,2026-08-08 04:13:51,29.06,393.63
T000604,D0027,Jaipur,2026-08-11 15:03:17,2026-08-11 16:04:17,31.37,624.43
T000605,D0166,Chennai,2026-08-14 09:10:48,2026-08-14 09:18:48,8.41,112.05
T000606,D0067,Bangalore,2026-08-30 12:56:41,2026-08-30 13:15:41,10.33,116.89
T000607,D0112,Kolkata,2026-08-03 00:40:53,2026-08-03 01:31:53,31.18,695.46
T000608,D0074,Hyderabad,2026-08-18 19:03:46,2026-08-18 19:29:46,17.42,237.77
T000609,D0037,Hyderabad,2026-08-13 19:52:55,2026-08-13 20:27:55,20.37,276.01
T000610,D0117,Kolkata,2026-08-03 23:16:53,2026-08-03 23:25:53,4.75,101.36
T000611,D0174,Hyderabad,2026-08-02 22:54:26,2026-08-02 23:13:26,12.22,
T000612,D0109,Lucknow,2026-08-25 01:10:31,2026-08-25 02:08:31,31.81,436.46
T000613,D0101,Pune,2026-08-30 13:01:38,2026-08-30 13:46:38,29.37,409.46
T000614,D0094,Hyderabad,2026-08-05 15:59:31,2026-08-05 16:07:31,5.07,70.4
T000615,D0014,Lucknow,2026-08-21 20:18:06,2026-08-21 21:19:06,28.8,392.67
T000616,D0123,Kolkata,2026-08-30 12:24:38,2026-08-30 12:39:38,9.64,220.76
T000617,D0089,Kolkata,2026-08-09 09:26:30,2026-08-09 10:18:30,28.07,
T000618,D0162,Pune,2026-08-25 13:13:57,2026-08-25 13:42:57,18.7,232.1
T000619,D0064,Ahmedabad,2026-08-28 08:13:54,2026-08-28 09:45:54,38.5,524.84
T000620,D0096,Delhi,2026-08-06 19:13:39,2026-08-06 19:23:39,12.4,213.61
T000621,D0033,Hyderabad,2026-08-11 10:02:28,2026-08-11 10:09:28,4.07,56.22
T000622,D0019,Mumbai,2026-08-08 14:13:02,2026-08-08 15:03:02,24.4,367.07
T000623,D0126,Chennai,2026-08-08 19:11:19,2026-08-08 19:36:19,24.88,347.82
T000624,D0175,Delhi,2026-08-30 06:48:36,2026-08-30 06:52:36,-4.45,79.9
T000625,D0038,Delhi,2026-08-12 20:53:33,2026-08-12 21:24:33,36.2,
T000626,D0147,Jaipur,2026-08-13 14:22:21,2026-08-13 15:26:21,38.72,784.15
T000627,D0121,Pune,2026-08-04 19:53:17,2026-08-04 20:19:17,15.51,212.72
T000628,D0033,Kolkata,2026-08-28 00:44:10,2026-08-28 01:46:10,36.86,743.57
T000629,D0095,Jaipur,2026-08-29 14:16:10,2026-08-29 14:27:10,6.47,130.78
T000630,D0146,Chennai,2026-08-22 13:01:00,2026-08-22 13:25:00,27.66,381.94
T000631,D0159,Delhi,2026-08-03 12:58:02,2026-08-03 13:28:02,,577.79
T000632,D0040,Ahmedabad,2026-08-08 20:11:03,2026-08-08 21:11:03,27.2,384.59
T000633,D0033,Ahmedabad,2026-08-10 18:09:32,2026-08-10 18:58:32,22.76,336.64
T000634,D0059,Lucknow,2026-08-11 16:45:51,2026-08-11 17:08:51,12.74,148.31
T000635,D0016,Kolkata,2026-08-25 20:35:04,2026-08-25 20:52:04,10.14,216.31
T000636,D0160,Kolkata,2026-08-10 21:41:06,2026-08-10 21:41:06,26.17,586.77
T000637,D0063,Chennai,2026-08-21 19:25:46,2026-08-21 19:27:46,2.47,34.06
T000638,D0005,Mumbai,2026-08-09 04:27:36,2026-08-09 04:27:36,21.2,327.14
T000639,D0008,Jaipur,2026-08-25 01:50:52,2026-08-25 03:00:52,37.24,769.47
T000640,D0144,Lucknow,2026-08-22 03:53:54,2026-08-22 04:27:54,16.79,234.23
T000641,D0035,Bangalore,2026-08-10 16:42:16,2026-08-10 17:30:16,26.59,349.63
T000642,D0098,Ahmedabad,2026-08-09 15:56:31,2026-08-09 16:41:31,19.18,305.72
T000643,D0124,Mumbai,2026-08-25 21:01:27,2026-08-25 21:14:27,6.69,92.55
T000644,D0051,Pune,2026-08-11 05:18:03,2026-08-11 05:18:03,3.43,49.84
T000645,D0179,Delhi,2026-08-12 11:47:48,2026-08-12 11:55:48,9.49,175.27
T000646,D0130,Hyderabad,2026-08-24 04:15:33,2026-08-24 05:06:33,33.38,455.19
T000647,D0003,Chennai,2026-08-11 08:12:59,2026-08-11 08:23:59,12.7,183.98
T000648,D0139,Bangalore,2026-08-16 07:26:59,2026-08-16 07:35:59,5.38,60.44
T000649,D0183,Mumbai,2026-08-20 21:24:16,2026-08-20 22:18:16,-29.4,378.41
T000650,D0192,Delhi,2026-08-16 12:25:47,2026-08-16 12:56:47,37.58,696.95
T000651,D0094,Chennai,2026-08-20 10:20:57,2026-08-20 10:37:57,19.62,300.41
T000652,D0161,Bangalore,2026-08-14 20:10:59,2026-08-14 20:28:59,10.04,128.6
T000653,D0180,Bangalore,2026-08-05 14:32:10,2026-08-05 15:03:10,-18.92,222.86
T000654,D0085,Delhi,2026-08-15 12:34:10,2026-08-15 12:58:10,29.92,
T000655,D0047,Pune,2026-08-11 06:47:55,2026-08-11 07:56:55,38.74,465.57
T000656,D0152,Lucknow,2026-08-23 10:44:41,2026-08-23 11:11:41,14.32,173.16
T000657,D0004,Jaipur,2026-08-14 04:20:47,2026-08-14 05:28:47,38.63,707.59
T000658,D0010,Delhi,2026-08-21 01:32:09,2026-08-21 01:45:09,,310.49
T000659,D0133,Kolkata,2026-08-06 09:07:06,2026-08-06 09:31:06,13.6,275.95
T000660,D0200,Lucknow,2026-08-22 03:56:53,2026-08-22 04:47:53,23.55,317.04
T000661,D0020,Ahmedabad,2026-08-08 05:45:56,2026-08-08 07:04:56,39.96,624.23
T000662,D0034,Lucknow,2026-08-13 00:20:21,2026-08-13 01:02:21,23.16,273.5
T000663,D0034,Kolkata,2026-08-07 17:46:18,2026-08-07 18:28:18,25.23,520.76
T000664,D0009,Delhi,2026-08-30 12:21:16,2026-08-30 12:21:16,35.65,629.65
T000665,D0180,Lucknow,2026-08-14 12:10:19,2026-08-14 13:30:19,39.98,547.65
T000666,D0102,Bangalore,2026-08-04 02:17:06,2026-08-04 03:09:06,32.34,383.07
T000667,D0090,Hyderabad,2026-08-07 11:44:33,2026-08-07 12:10:33,16.88,237.89
T000668,D0178,Hyderabad,2026-08-24 01:38:04,2026-08-24 01:53:04,9.05,116.14
T000669,D0119,Bangalore,2026-08-25 05:55:56,2026-08-25 06:03:56,4.27,52.23
T000670,D0158,Bangalore,2026-08-12 21:58:16,2026-08-12 22:11:16,7.03,92.79
T000671,D0186,Kolkata,2026-08-11 19:13:05,2026-08-11 19:53:05,24.55,501.12
T000672,D0089,Chennai,2026-08-08 20:11:07,2026-08-08 20:16:07,5.44,
T000673,D0085,Mumbai,2026-08-06 22:08:12,2026-08-06 23:16:12,37.43,501.63
T000674,D0147,Jaipur,2026-08-27 00:57:35,2026-08-27 01:30:35,19.02,336.14
T000675,D0176,Pune,2026-08-09 00:18:20,2026-08-09 00:34:20,8.88,126.56
T000676,D0018,Ahmedabad,2026-08-30 15:27:47,2026-08-30 15:38:47,5.01,68.59
T000677,D0133,Hyderabad,2026-08-16 22:28:27,2026-08-16 22:56:27,16.9,217.55
T000678,D0135,Lucknow,2026-08-30 01:27:39,2026-08-30 02:22:39,26.75,333.36
T000679,D0078,Ahmedabad,2026-08-17 19:48:14,2026-08-17 20:50:14,28.34,370.74
T000680,D0042,Kolkata,2026-08-07 19:02:26,2026-08-07 19:18:26,9.28,202.88
T000681,D0151,Lucknow,2026-08-16 01:14:11,2026-08-16 01:22:11,4.16,50.3
T000682,D0064,Mumbai,2026-08-09 17:21:48,2026-08-09 18:17:48,28.84,
T000683,D0129,Ahmedabad,2026-08-21 22:06:33,2026-08-21 22:15:33,4.07,64.57
T000684,D0179,Hyderabad,2026-08-19 05:23:55,2026-08-19 06:21:55,36.3,448.26
T000685,D0093,Jaipur,2026-08-12 07:39:18,2026-08-12 08:16:18,18.26,367.8
T000686,D0089,Jaipur,2026-08-26 06:37:44,2026-08-26 06:53:44,-9.03,163.3
T000687,D0107,Chennai,2026-08-12 14:15:22,2026-08-12 14:42:22,28.96,406.36
T000688,D0015,Delhi,2026-08-12 09:28:42,2026-08-12 09:30:42,2.03,
T000689,D0059,Delhi,2026-08-27 15:19:15,2026-08-27 15:24:15,5.43,
T000690,D0106,Pune,2026-08-17 03:28:55,2026-08-17 04:37:55,39.52,
T000691,D0118,Pune,2026-08-29 19:50:46,2026-08-29 20:46:46,35.06,
T000692,D0100,Bangalore,2026-08-16 06:22:54,2026-08-16 06:47:54,13.83,181.18
T000693,D0176,Hyderabad,2026-08-19 16:29:39,2026-08-19 17:01:39,20.33,275.74
T000694,D0063,Bangalore,2026-08-06 03:12:12,2026-08-06 03:46:12,18.11,223.12
T000695,D0076,Ahmedabad,2026-08-04 10:34:38,2026-08-04 11:50:38,37.91,518.61
T000696,D0054,Hyderabad,2026-08-23 13:52:37,2026-08-23 14:24:37,19.67,273.54
T000697,D0185,Ahmedabad,2026-08-19 06:37:42,2026-08-19 06:49:42,,82.03
T000698,D0048,Lucknow,2026-08-22 19:33:14,2026-08-22 19:53:14,9.78,134.48
T000699,D0064,Lucknow,2026-08-20 03:52:02,2026-08-20 04:22:02,16.25,204.63
T000700,D0091,Ahmedabad,2026-08-01 16:25:13,2026-08-01 16:54:13,13.12,205.38
T000701,D0177,Mumbai,2026-08-29 19:07:18,2026-08-29 20:03:18,29.46,385.57
T000702,D0046,Ahmedabad,2026-08-19 20:07:14,2026-08-19 20:31:14,10.17,154.29
T000703,D0132,Kolkata,2026-08-21 15:17:09,2026-08-21 15:48:09,-16.19,316.03
T000704,D0185,Delhi,2026-08-03 04:22:29,2026-08-03 04:45:29,24.12,460.58
T000705,D0112,Ahmedabad,2026-08-16 01:14:28,2026-08-16 01:46:28,13.44,203.06
T000706,D0070,Lucknow,2026-08-17 18:01:11,2026-08-17 18:38:11,18.56,222.17
T000707,D0176,Chennai,2026-08-23 09:15:28,2026-08-23 09:38:28,,326.25
T000708,D0084,Lucknow,2026-08-21 03:59:07,2026-08-21 04:22:07,12.81,148.4
T000709,D0131,Ahmedabad,2026-08-14 22:39:58,2026-08-14 23:23:58,21.72,336.44
T000710,D0064,Pune,2026-08-13 01:14:16,2026-08-13 01:27:16,7.89,113.11
T000711,D0022,Kolkata,2026-08-02 11:11:57,2026-08-02 12:00:57,27.61,546.97
T000712,D0057,Delhi,2026-08-23 18:06:09,2026-08-23 18:29:09,24.88,503.01
T000713,D0031,Hyderabad,2026-08-30 07:29:45,2026-08-30 07:59:45,16.87,247.24
T000714,D0016,Kolkata,2026-08-14 16:10:48,2026-08-14 16:10:48,30.07,632.03
T000715,D0111,Delhi,2026-08-05 17:26:16,2026-08-05 18:00:16,36.05,686.29
T000716,D0079,Mumbai,2026-08-03 19:00:44,2026-08-03 19:32:44,15.63,200.85
T000717,D0192,Ahmedabad,2026-08-02 12:40:48,2026-08-02 13:12:48,15.08,
T000718,D0023,Hyderabad,2026-08-09 04:36:01,2026-08-09 05:31:01,36.94,476.7
T000719,D0121,Bangalore,2026-08-07 05:56:25,2026-08-07 07:06:25,38.89,451.89
T000720,D0164,Delhi,2026-08-15 05:19:15,2026-08-15 05:21:15,3.04,52.42
T000721,D0198,Lucknow,2026-08-28 14:48:50,2026-08-28 14:54:50,2.88,36.27
T000722,D0148,Bangalore,2026-08-25 17:16:00,2026-08-25 18:18:00,34.62,384.44
T000723,D0091,Lucknow,2026-08-01 19:12:13,2026-08-01 20:20:13,32.09,436.95
T000724,D0049,Lucknow,2026-08-02 13:51:41,2026-08-02 14:56:41,33.45,427.95
T000725,D0026,Bangalore,2026-08-07 04:06:31,2026-08-07 04:43:31,19.93,245.57
T000726,D0109,Kolkata,2026-08-22 23:14:00,2026-08-22 23:56:00,22.95,450.45
T000727,D0022,Delhi,2026-08-18 00:52:10,2026-08-18 01:19:10,32.85,680.29
T000728,D0026,Ahmedabad,2026-08-18 13:28:45,2026-08-18 13:41:45,6.21,95.49
T000729,D0021,Chennai,2026-08-30 05:45:37,2026-08-30 05:57:37,14.07,194.2
T000730,D0119,Chennai,2026-08-15 05:37:39,2026-08-15 05:57:39,23.17,330.41
T000731,D0122,Jaipur,2026-08-22 13:56:44,2026-08-22 14:26:44,16.67,330.26
T000732,D0039,Delhi,2026-08-07 22:03:18,2026-08-07 22:05:18,2.01,39.52
T000733,D0022,Chennai,2026-08-07 12:33:49,2026-08-07 12:58:49,28.35,428.56
T000734,D0109,Ahmedabad,2026-08-25 14:03:20,2026-08-25 14:54:20,22.83,340.42
T000735,D0033,Jaipur,2026-08-25 11:11:33,2026-08-25 12:03:33,27.9,514.3
T000736,D0036,Chennai,2026-08-19 08:25:26,2026-08-19 08:28:26,3.34,48.77
T000737,D0173,Ahmedabad,2026-08-11 13:26:48,2026-08-11 13:44:48,,117.53
T000738,D0199,Bangalore,2026-08-17 20:52:59,2026-08-17 21:41:59,28.91,332.23
T000739,D0186,Lucknow,2026-08-24 18:34:17,2026-08-24 19:53:17,37.58,486.41
T000740,D0001,Mumbai,2026-08-30 23:54:19,2026-08-31 00:26:19,16.95,219.59
T000741,D0065,Bangalore,2026-08-04 15:26:01,2026-08-04 16:20:01,33.05,367.53
T000742,D0170,Bangalore,2026-08-11 02:47:30,2026-08-11 03:58:30,39.95,497.11
T000743,D0091,Pune,2026-08-10 17:16:05,2026-08-10 18:05:05,33.38,435.89
T000744,D0003,Mumbai,2026-08-21 12:31:59,2026-08-21 13:10:59,19.13,293.88
T000745,D0052,Bangalore,2026-08-08 04:40:32,2026-08-08 05:08:32,17.49,218.94
T000746,D0180,Mumbai,2026-08-08 18:40:59,2026-08-08 19:15:59,19.31,247.46
T000747,D0012,Lucknow,2026-08-15 07:07:26,2026-08-15 07:57:26,27.03,339.64
T000748,D0038,Hyderabad,2026-08-08 17:41:52,2026-08-08 18:37:52,31.05,398.83
T000749,D0147,Hyderabad,2026-08-06 04:17:05,2026-08-06 04:34:05,10.87,158.57
T000750,D0008,Ahmedabad,2026-08-25 05:27:13,2026-08-25 05:49:13,9.29,128.99
T000751,D0118,Chennai,2026-08-08 15:28:23,2026-08-08 15:59:23,31.17,453.51
T000752,D0164,Mumbai,2026-08-01 03:59:47,2026-08-01 05:18:47,37.61,518.41
T000753,D0077,Delhi,2026-08-14 02:42:38,2026-08-14 03:14:38,33.0,596.05
T000754,D0137,Jaipur,2026-08-07 14:07:31,2026-08-07 15:20:31,37.05,761.1
T000755,D0103,Mumbai,2026-08-15 12:47:17,2026-08-15 13:28:17,21.88,291.87
T000756,D0002,Mumbai,2026-08-02 11:21:38,2026-08-02 12:39:38,38.63,598.13
T000757,D0141,Hyderabad,2026-08-23 18:49:44,2026-08-23 19:23:44,19.81,262.99
T000758,D0111,Chennai,2026-08-26 04:39:09,2026-08-26 04:39:09,30.03,405.56
T000759,D0093,Chennai,2026-08-18 16:52:12,2026-08-18 17:13:12,20.67,
T000760,D0114,Mumbai,2026-08-03 01:38:52,2026-08-03 01:59:52,10.08,140.12
T000761,D0011,Ahmedabad,2026-08-29 21:51:48,2026-08-29 22:55:48,30.35,435.81
T000762,D0028,Chennai,2026-08-13 14:23:12,2026-08-13 14:29:12,6.95,104.42
T000763,D0165,Kolkata,2026-08-10 16:59:59,2026-08-10 17:23:59,14.45,331.54
T000764,D0050,Chennai,2026-08-10 15:14:36,2026-08-10 15:48:36,37.76,575.55
T000765,D0008,Hyderabad,2026-08-15 23:59:21,2026-08-16 00:44:21,27.07,390.39
T000766,D0030,Chennai,2026-08-29 23:06:16,2026-08-29 23:19:16,12.54,185.1
T000767,D0100,Bangalore,2026-08-17 21:22:06,2026-08-17 22:18:06,29.69,361.16
T000768,D0058,Ahmedabad,2026-08-23 02:15:56,2026-08-23 03:21:56,-31.62,423.16
T000769,D0036,Lucknow,2026-08-18 01:11:16,2026-08-18 01:20:16,4.35,51.84
T000770,D0141,Kolkata,2026-08-20 11:03:48,2026-08-20 11:42:48,24.33,476.41
T000771,D0085,Ahmedabad,2026-08-28 20:14:02,2026-08-28 20:14:02,15.44,234.92
T000772,D0070,Pune,2026-08-01 12:48:37,2026-08-01 13:53:37,,478.14
T000773,D0181,Bangalore,2026-08-25 20:03:34,2026-08-25 20:42:34,20.23,234.03
T000774,D0044,Kolkata,2026-08-23 02:55:47,2026-08-23 02:55:47,24.11,516.44
T000775,D0029,Jaipur,2026-08-03 00:01:58,2026-08-03 00:35:58,17.24,312.56
T000776,D0034,Lucknow,2026-08-09 02:51:36,2026-08-09 03:26:36,17.98,
T000777,D0048,Mumbai,2026-08-13 12:35:30,2026-08-13 12:55:30,11.11,159.59
T000778,D0106,Ahmedabad,2026-08-21 15:53:31,2026-08-21 15:59:31,2.64,35.53
T000779,D0133,Bangalore,2026-08-23 16:14:24,2026-08-23 16:50:24,21.28,273.59
T000780,D0119,Bangalore,2026-08-19 18:48:03,2026-08-19 18:58:03,6.03,69.42
T000781,D0068,Mumbai,2026-08-26 20:20:14,2026-08-26 20:53:14,18.24,233.9
T000782,D0036,Lucknow,2026-08-04 00:04:43,2026-08-04 00:30:43,13.07,166.01
T000783,D0191,Jaipur,2026-08-03 16:00:32,2026-08-03 16:18:32,10.3,185.25
T000784,D0127,Kolkata,2026-08-26 05:21:37,2026-08-26 06:21:37,31.67,741.01
T000785,D0118,Jaipur,2026-08-04 01:25:27,2026-08-04 01:56:27,18.18,373.59
T000786,D0020,Kolkata,2026-08-30 16:31:22,2026-08-30 16:57:22,14.45,337.99
T000787,D0053,Jaipur,2026-08-07 13:24:46,2026-08-07 13:29:46,2.68,56.5
T000788,D0197,Lucknow,2026-08-29 21:12:51,2026-08-29 22:21:51,34.69,441.44
T000789,D0190,Delhi,2026-08-07 10:44:03,2026-08-07 11:02:03,18.14,336.24
T000790,D0103,Hyderabad,2026-08-13 04:38:43,2026-08-13 05:27:43,,378.35
T000791,D0106,Ahmedabad,2026-08-22 06:38:24,2026-08-22 07:10:24,16.0,237.84
T000792,D0065,Delhi,2026-08-07 10:42:29,2026-08-07 11:09:29,28.62,589.75
T000793,D0127,Kolkata,2026-08-29 00:58:07,2026-08-29 01:36:07,19.92,428.2
T000794,D0122,Pune,2026-08-25 00:48:37,2026-08-25 01:00:37,-6.99,95.71
T000795,D0151,Delhi,2026-08-12 07:06:28,2026-08-12 07:20:28,14.66,282.77
T000796,D0057,Pune,2026-08-09 06:01:07,2026-08-09 06:52:07,32.13,410.56
T000797,D0068,Lucknow,2026-08-01 11:42:03,2026-08-01 12:49:03,34.51,401.12
T000798,D0136,Ahmedabad,2026-08-20 01:44:17,2026-08-20 02:31:17,19.46,268.37
T000799,D0083,Delhi,2026-08-16 15:10:14,2026-08-16 15:10:14,7.64,134.78
T000800,D0135,Delhi,2026-08-23 18:26:43,2026-08-23 18:48:43,25.87,529.8
T000801,D0103,Delhi,2026-08-24 23:32:16,2026-08-25 00:00:16,34.0,608.59
T000802,D0007,Pune,2026-08-13 13:29:15,2026-08-13 14:05:15,20.55,250.35
T000803,D0111,Lucknow,2026-08-16 12:51:08,2026-08-16 13:26:08,17.38,211.68
T000804,D0031,Pune,2026-08-22 10:39:21,2026-08-22 11:33:21,35.88,500.61
T000805,D0028,Pune,2026-08-02 15:35:27,2026-08-02 16:32:27,33.22,461.68
T000806,D0103,Lucknow,2026-08-13 12:56:35,2026-08-13 13:01:35,2.64,32.38
T000807,D0027,Ahmedabad,2026-08-15 07:35:09,2026-08-15 08:26:09,22.75,329.53
T000808,D0120,Kolkata,2026-08-22 13:46:48,2026-08-22 14:46:48,36.92,864.81
T000809,D0073,Chennai,2026-08-07 14:54:49,2026-08-07 15:08:49,13.92,213.43
T000810,D0158,Pune,2026-08-11 15:26:55,2026-08-11 16:07:55,26.61,381.3
T000811,D0119,Bangalore,2026-08-30 07:33:04,2026-08-30 08:08:04,19.27,239.56
T000812,D0089,Ahmedabad,2026-08-18 17:28:05,2026-08-18 18:11:05,18.23,287.86
T000813,D0128,Bangalore,2026-08-16 18:38:42,2026-08-16 18:49:42,5.95,74.51
T000814,D0125,Pune,2026-08-07 22:05:48,2026-08-07 23:09:48,36.43,462.01
T000815,D0187,Ahmedabad,2026-08-16 11:12:16,2026-08-16 11:59:16,19.69,291.19
T000816,D0107,Jaipur,2026-08-06 12:11:02,2026-08-06 13:01:02,28.89,516.02
T000817,D0188,Mumbai,2026-08-08 00:23:58,2026-08-08 01:31:58,36.72,478.13
T000818,D0029,Jaipur,2026-08-11 14:16:30,2026-08-11 15:33:30,37.99,758.71
T000819,D0165,Mumbai,2026-08-04 23:28:16,2026-08-05 00:25:16,26.53,382.03
T000820,D0166,Pune,2026-08-21 05:33:25,2026-08-21 06:22:25,27.96,398.53
T000821,D0160,Ahmedabad,2026-08-15 13:45:19,2026-08-15 14:52:19,30.28,434.06
T000822,D0028,Jaipur,2026-08-30 12:39:18,2026-08-30 12:52:18,7.07,133.24
T000823,D0012,Pune,2026-08-14 11:16:14,2026-08-14 12:01:14,25.82,376.17
T000824,D0087,Mumbai,2026-08-09 01:57:51,2026-08-09 03:02:51,29.82,454.58
T000825,D0141,Bangalore,2026-08-08 20:32:23,2026-08-08 20:32:23,18.03,195.58
T000826,D0035,Lucknow,2026-08-20 12:03:35,2026-08-20 12:15:35,6.64,76.77
T000827,D0074,Chennai,2026-08-25 12:19:19,2026-08-25 12:39:19,20.47,281.57
T000828,D0195,Lucknow,2026-08-07 18:12:47,2026-08-07 18:55:47,23.6,302.63
T000829,D0008,Delhi,2026-08-29 13:35:32,2026-08-29 13:44:32,11.0,197.27
T000830,D0163,Chennai,2026-08-24 18:31:12,2026-08-24 18:53:12,23.25,323.12
T000831,D0098,Kolkata,2026-08-26 18:43:43,2026-08-26 18:47:43,2.02,40.9
T000832,D0132,Hyderabad,2026-08-02 07:13:11,2026-08-02 08:00:11,-31.21,383.65
T000833,D0196,Chennai,2026-08-21 19:12:01,2026-08-21 19:22:01,11.76,166.93
T000834,D0191,Jaipur,2026-08-18 20:03:17,2026-08-18 20:26:17,11.57,233.67
T000835,D0130,Mumbai,2026-08-17 23:36:40,2026-08-18 00:11:40,17.39,266.89
T000836,D0125,Ahmedabad,2026-08-25 06:11:30,2026-08-25 06:50:30,16.31,215.22
T000837,D0178,Pune,2026-08-12 05:09:16,2026-08-12 05:19:16,5.92,82.12
T000838,D0020,Ahmedabad,2026-08-06 22:58:07,2026-08-06 23:22:07,10.78,163.93
T000839,D0048,Delhi,2026-08-14 13:11:29,2026-08-14 13:36:29,30.75,644.86
T000840,D0117,Chennai,2026-08-03 02:41:40,2026-08-03 02:41:40,13.11,189.32
T000841,D0051,Lucknow,2026-08-14 16:26:02,2026-08-14 17:38:02,33.24,419.17
T000842,D0161,Chennai,2026-08-09 19:28:36,2026-08-09 19:42:36,13.64,181.95
T000843,D0102,Lucknow,2026-08-15 16:18:43,2026-08-15 17:21:43,30.32,414.68
T000844,D0139,Mumbai,2026-08-18 08:22:20,2026-08-18 09:14:20,-24.94,373.78
T000845,D0099,Lucknow,2026-08-08 23:34:25,2026-08-09 00:15:25,19.28,233.94
T000846,D0049,Delhi,2026-08-17 08:31:41,2026-08-17 08:44:41,15.03,308.37
T000847,D0166,Hyderabad,2026-08-11 08:18:25,2026-08-11 09:04:25,,373.9
T000848,D0029,Bangalore,2026-08-23 07:07:09,2026-08-23 07:29:09,12.81,166.53
T000849,D0008,Mumbai,2026-08-30 07:14:38,2026-08-30 07:30:38,7.69,101.92
T000850,D0159,Kolkata,2026-08-08 14:45:26,2026-08-08 14:59:26,8.53,165.91
T000851,D0158,Jaipur,2026-08-18 08:39:06,2026-08-18 09:31:06,28.88,609.29
T000852,D0132,Jaipur,2026-08-03 13:25:15,2026-08-03 13:46:15,11.24,
T000853,D0164,Pune,2026-08-06 10:00:31,2026-08-06 10:41:31,27.48,339.92
T000854,D0129,Kolkata,2026-08-13 20:52:37,2026-08-13 21:02:37,6.36,147.16
T000855,D0064,Delhi,2026-08-03 18:15:35,2026-08-03 18:29:35,14.44,249.65
T000856,D0128,Bangalore,2026-08-15 03:20:55,2026-08-15 03:54:55,20.32,264.25
T000857,D0023,Pune,2026-08-29 12:08:25,2026-08-29 12:17:25,5.4,74.95
T000858,D0089,Pune,2026-08-08 00:17:03,2026-08-08 00:40:03,15.68,203.46
T000859,D0023,Lucknow,2026-08-29 12:01:07,2026-08-29 13:13:07,34.92,407.13
T000860,D0093,Hyderabad,2026-08-26 08:55:47,2026-08-26 09:23:47,16.05,228.25
T000861,D0032,Chennai,2026-08-28 00:08:47,2026-08-28 00:19:47,12.78,187.3
T000862,D0021,Delhi,2026-08-20 17:40:18,2026-08-20 17:48:18,10.05,202.37
T000863,D0066,Kolkata,2026-08-04 12:42:45,2026-08-04 13:10:45,16.48,382.06
T000864,D0099,Lucknow,2026-08-25 20:00:31,2026-08-25 21:17:31,39.96,504.81
T000865,D0102,Mumbai,2026-08-06 06:33:33,2026-08-06 07:46:33,35.82,505.55
T000866,D0164,Chennai,2026-08-29 11:17:29,2026-08-29 11:32:29,14.67,199.88
T000867,D0028,Chennai,2026-08-30 00:40:29,2026-08-30 00:43:29,3.72,50.66
T000868,D0012,Delhi,2026-08-10 21:45:07,2026-08-10 22:18:07,37.27,686.34
T000869,D0072,Bangalore,2026-08-23 06:03:03,2026-08-23 06:15:03,7.1,89.58
T000870,D0088,Hyderabad,2026-08-30 20:54:00,2026-08-30 21:08:00,,101.9
T000871,D0200,Pune,2026-08-10 12:52:25,2026-08-10 13:38:25,30.85,386.54
T000872,D0099,Delhi,2026-08-25 20:25:02,2026-08-25 20:57:02,33.17,618.95
T000873,D0038,Delhi,2026-08-20 02:55:35,2026-08-20 03:08:35,15.14,282.97
T000874,D0097,Mumbai,2026-08-26 09:40:52,2026-08-26 09:59:52,10.77,152.14
T000875,D0135,Pune,2026-08-13 06:16:32,2026-08-13 06:51:32,23.18,310.01
T000876,D0044,Hyderabad,2026-08-02 04:11:18,2026-08-02 05:11:18,39.03,509.39
T000877,D0014,Lucknow,2026-08-13 14:25:36,2026-08-13 14:37:36,5.77,72.87
T000878,D0087,Ahmedabad,2026-08-04 23:05:56,2026-08-05 00:31:56,39.75,544.66
T000879,D0092,Kolkata,2026-08-30 15:40:59,2026-08-30 16:26:59,27.83,576.01
T000880,D0103,Hyderabad,2026-08-12 17:27:15,2026-08-12 18:36:15,-39.72,500.19
T000881,D0048,Lucknow,2026-08-03 06:03:57,2026-08-03 06:25:57,11.36,146.05
T000882,D0138,Mumbai,2026-08-11 02:37:52,2026-08-11 03:10:52,17.98,246.15
T000883,D0199,Pune,2026-08-17 22:54:37,2026-08-17 23:38:37,27.08,340.52
T000884,D0161,Kolkata,2026-08-04 11:05:04,2026-08-04 11:22:04,10.55,
T000885,D0200,Pune,2026-08-05 11:39:19,2026-08-05 12:09:19,19.6,256.37
T000886,D0178,Hyderabad,2026-08-04 13:25:46,2026-08-04 13:55:46,19.4,246.49
T000887,D0181,Bangalore,2026-08-26 14:43:40,2026-08-26 15:09:40,,202.88
T000888,D0184,Ahmedabad,2026-08-17 02:06:54,2026-08-17 02:45:54,18.75,252.69
T000889,D0048,Chennai,2026-08-05 19:19:11,2026-08-05 19:29:11,10.56,161.29
T000890,D0047,Ahmedabad,2026-08-18 08:52:55,2026-08-18 09:25:55,15.98,241.23
T000891,D0147,Kolkata,2026-08-26 19:36:14,2026-08-26 20:02:14,15.43,352.4
T000892,D0143,Kolkata,2026-08-15 16:08:24,2026-08-15 16:46:24,21.35,415.41
T000893,D0052,Hyderabad,2026-08-16 00:45:42,2026-08-16 01:49:42,36.95,
T000894,D0074,Chennai,2026-08-14 12:58:55,2026-08-14 13:03:55,5.49,78.53
T000895,D0024,Hyderabad,2026-08-30 08:45:29,2026-08-30 09:15:29,20.46,289.92
T000896,D0092,Kolkata,2026-08-11 21:31:43,2026-08-11 21:31:43,28.61,613.08
T000897,D0114,Lucknow,2026-08-27 09:25:24,2026-08-27 09:36:24,5.17,62.23
T000898,D0121,Mumbai,2026-08-10 08:32:52,2026-08-10 09:43:52,35.61,462.6
T000899,D0123,Mumbai,2026-08-03 10:13:06,2026-08-03 10:29:06,7.48,
T000900,D0024,Hyderabad,2026-08-01 13:12:36,2026-08-01 13:52:36,25.08,308.98
T000901,D0139,Jaipur,2026-08-28 03:15:23,2026-08-28 04:21:23,36.95,645.98
T000902,D0011,Jaipur,2026-08-08 08:31:07,2026-08-08 09:29:07,34.51,722.26
T000903,D0155,Delhi,2026-08-17 04:32:05,2026-08-17 04:56:05,27.47,558.4
T000904,D0017,Ahmedabad,2026-08-15 22:53:40,2026-08-15 23:22:40,14.46,228.72
T000905,D0027,Kolkata,2026-08-13 05:47:48,2026-08-13 06:53:48,33.75,744.57
T000906,D0020,Hyderabad,2026-08-11 16:21:34,2026-08-11 17:00:34,23.54,343.58
T000907,D0135,Lucknow,2026-08-05 08:57:09,2026-08-05 10:10:09,34.03,462.78
T000908,D0127,Ahmedabad,2026-08-27 20:32:06,2026-08-27 21:47:06,34.36,451.87
T000909,D0004,Ahmedabad,2026-08-18 20:18:09,2026-08-18 20:36:09,7.7,106.52
T000910,D0070,Ahmedabad,2026-08-29 14:25:03,2026-08-29 15:10:03,19.21,273.12
T000911,D0102,Lucknow,2026-08-23 06:13:29,2026-08-23 06:58:29,24.49,302.63
T000912,D0157,Lucknow,2026-08-28 22:25:02,2026-08-28 22:36:02,5.19,
T000913,D0200,Pune,2026-08-22 00:49:28,2026-08-22 01:23:28,23.15,282.18
T000914,D0141,Chennai,2026-08-17 02:14:30,2026-08-17 02:24:30,11.12,159.79
T000915,D0182,Mumbai,2026-08-25 18:18:27,2026-08-25 18:35:27,8.13,109.41
T000916,D0149,Pune,2026-08-17 21:32:06,2026-08-17 22:00:06,18.1,216.7
T000917,D0094,Ahmedabad,2026-08-07 08:30:27,2026-08-07 08:51:27,8.79,115.19
T000918,D0170,Chennai,2026-08-20 18:05:11,2026-08-20 18:29:11,27.04,366.5
T000919,D0001,Lucknow,2026-08-10 20:24:19,2026-08-10 20:59:19,17.78,210.72
T000920,D0093,Chennai,2026-08-05 20:54:14,2026-08-05 20:58:14,,58.44
T000921,D0038,Delhi,2026-08-29 14:38:44,2026-08-29 15:08:44,31.03,638.72
T000922,D0074,Ahmedabad,2026-08-05 07:05:13,2026-08-05 08:30:13,36.47,581.73
T000923,D0059,Hyderabad,2026-08-17 23:29:30,2026-08-17 23:59:30,18.82,228.07
T000924,D0189,Chennai,2026-08-14 01:12:26,2026-08-14 01:22:26,11.1,168.76
T000925,D0106,Hyderabad,2026-08-12 09:56:00,2026-08-12 10:20:00,15.67,208.57
T000926,D0060,Chennai,2026-08-23 06:13:00,2026-08-23 06:33:00,21.51,295.97
T000927,D0107,Chennai,2026-08-27 04:51:28,2026-08-27 04:59:28,7.9,103.24
T000928,D0016,Kolkata,2026-08-25 21:12:23,2026-08-25 21:41:23,16.48,
T000929,D0191,Kolkata,2026-08-11 03:05:33,2026-08-11 03:47:33,22.72,487.92
T000930,D0164,Jaipur,2026-08-30 21:02:33,2026-08-30 22:04:33,34.43,697.37
T000931,D0095,Mumbai,2026-08-19 06:31:45,2026-08-19 07:21:45,26.17,355.41
T000932,D0064,Pune,2026-08-09 12:49:56,2026-08-09 13:47:56,35.34,497.74
T000933,D0190,Chennai,2026-08-04 15:30:13,2026-08-04 16:05:13,34.49,510.71
T000934,D0089,Chennai,2026-08-24 21:40:05,2026-08-24 22:03:05,26.38,409.78
T000935,D0039,Kolkata,2026-08-23 12:55:04,2026-08-23 13:29:04,17.84,412.99
T000936,D0174,Delhi,2026-08-17 08:21:16,2026-08-17 08:44:16,27.04,541.33
T000937,D0078,Hyderabad,2026-08-30 15:32:22,2026-08-30 16:30:22,38.84,510.28
T000938,D0085,Pune,2026-08-16 04:55:19,2026-08-16 05:14:19,11.85,172.09
T000939,D0169,Bangalore,2026-08-29 01:47:40,2026-08-29 02:39:40,31.57,392.78
T000940,D0115,Delhi,2026-08-12 23:54:53,2026-08-13 00:09:53,15.36,293.18
T000941,D0082,Kolkata,2026-08-13 04:05:27,2026-08-13 05:15:27,39.38,903.0
T000942,D0142,Mumbai,2026-08-11 00:59:49,2026-08-11 02:18:49,37.82,548.02
T000943,D0098,Mumbai,2026-08-23 17:31:03,2026-08-23 18:54:03,38.75,583.15
T000944,D0195,Mumbai,2026-08-19 17:58:09,2026-08-19 18:54:09,31.31,463.52
T000945,D0002,Chennai,2026-08-23 15:51:45,2026-08-23 16:20:45,31.33,417.33
T000946,D0099,Pune,2026-08-03 17:28:55,2026-08-03 18:30:55,38.02,
T000947,D0191,Chennai,2026-08-10 03:57:18,2026-08-10 04:21:18,24.92,354.51
T000948,D0013,Delhi,2026-08-27 14:36:16,2026-08-27 14:54:16,20.9,401.09
T000949,D0048,Delhi,2026-08-10 08:05:32,2026-08-10 08:07:32,,47.38
T000950,D0044,Bangalore,2026-08-19 06:52:17,2026-08-19 07:13:17,13.0,149.38
T000951,D0115,Hyderabad,2026-08-25 16:35:19,2026-08-25 16:52:19,10.88,139.54
T000952,D0097,Lucknow,2026-08-11 06:21:50,2026-08-11 07:01:50,21.32,254.56
T000953,D0023,Pune,2026-08-18 07:17:00,2026-08-18 07:58:00,27.05,372.15
T000954,D0178,Delhi,2026-08-24 22:54:37,2026-08-24 23:00:37,7.85,140.25
T000955,D0191,Ahmedabad,2026-08-23 09:08:35,2026-08-23 09:43:35,15.54,230.84
T000956,D0172,Jaipur,2026-08-11 13:37:25,2026-08-11 14:39:25,31.56,598.12
T000957,D0086,Mumbai,2026-08-12 15:30:27,2026-08-12 15:54:27,11.77,180.07
T000958,D0109,Ahmedabad,2026-08-01 19:00:27,2026-08-01 19:45:27,20.69,278.11
T000959,D0152,Kolkata,2026-08-10 01:57:13,2026-08-10 02:19:13,12.86,257.76
T000960,D0114,Kolkata,2026-08-02 05:57:25,2026-08-02 06:17:25,11.25,232.68
T000961,D0081,Hyderabad,2026-08-04 19:44:20,2026-08-04 20:52:20,,511.89
T000962,D0157,Delhi,2026-08-07 14:28:58,2026-08-07 14:32:58,,81.95
T000963,D0120,Bangalore,2026-08-02 16:30:31,2026-08-02 16:34:31,2.55,33.04
T000964,D0059,Kolkata,2026-08-12 18:58:27,2026-08-12 19:31:27,17.42,356.19
T000965,D0127,Bangalore,2026-08-06 02:54:08,2026-08-06 03:10:08,9.81,
T000966,D0080,Hyderabad,2026-08-15 21:12:47,2026-08-15 21:22:47,6.17,78.68
T000967,D0119,Lucknow,2026-08-27 04:06:47,2026-08-27 05:31:47,39.46,470.23
T000968,D0029,Jaipur,2026-08-26 18:39:20,2026-08-26 19:00:20,10.46,219.21
T000969,D0167,Mumbai,2026-08-21 16:53:13,2026-08-21 17:26:13,15.42,226.83
T000970,D0200,Jaipur,2026-08-15 19:44:59,2026-08-15 20:15:59,16.24,338.59
T000971,D0123,Bangalore,2026-08-23 17:21:39,2026-08-23 18:25:39,33.93,385.33
T000972,D0195,Delhi,2026-08-21 17:03:51,2026-08-21 17:25:51,22.74,
T000973,D0112,Mumbai,2026-08-30 18:01:41,2026-08-30 18:37:41,19.44,256.78
T000974,D0123,Ahmedabad,2026-08-07 19:17:40,2026-08-07 20:30:40,,455.13
T000975,D0078,Lucknow,2026-08-30 02:42:57,2026-08-30 03:28:57,22.46,307.69
T000976,D0142,Kolkata,2026-08-28 18:32:44,2026-08-28 19:34:44,35.34,765.61
T000977,D0128,Pune,2026-08-26 01:24:55,2026-08-26 01:52:55,15.89,208.23
T000978,D0158,Pune,2026-08-13 06:51:19,2026-08-13 07:36:19,29.58,373.16
T000979,D0124,Hyderabad,2026-08-15 04:59:26,2026-08-15 05:37:26,21.52,285.74
T000980,D0051,Delhi,2026-08-05 11:46:35,2026-08-05 12:10:35,27.58,569.48
T000981,D0155,Bangalore,2026-08-28 18:05:34,2026-08-28 18:49:34,24.09,264.13
T000982,D0162,Chennai,2026-08-29 17:46:29,2026-08-29 18:13:29,26.92,401.45
T000983,D0200,Lucknow,2026-08-16 05:46:25,2026-08-16 06:35:25,26.06,337.6
T000984,D0020,Ahmedabad,2026-08-09 23:38:30,2026-08-10 00:52:30,35.62,470.31
T000985,D0002,Kolkata,2026-08-18 13:13:13,2026-08-18 14:21:13,36.21,826.11
T000986,D0096,Kolkata,2026-08-02 12:51:42,2026-08-02 13:09:42,11.34,223.52
T000987,D0191,Jaipur,2026-08-30 04:03:12,2026-08-30 04:16:12,7.08,140.3
T000988,D0144,Pune,2026-08-24 18:52:05,2026-08-24 19:34:05,26.02,380.32
T000989,D0132,Mumbai,2026-08-22 00:30:09,2026-08-22 01:36:09,34.23,438.22
T000990,D0016,Hyderabad,2026-08-12 06:02:23,2026-08-12 06:27:23,17.14,222.6
T000991,D0085,Kolkata,2026-08-30 10:06:36,2026-08-30 10:36:36,18.28,405.48
T000992,D0002,Chennai,2026-08-07 20:18:33,2026-08-07 20:38:33,20.69,310.61
T000993,D0099,Pune,2026-08-19 02:08:54,2026-08-19 03:07:54,38.38,539.34
T000994,D0086,Delhi,2026-08-02 18:13:29,2026-08-02 18:47:29,35.2,646.09
T000995,D0054,Bangalore,2026-08-04 20:14:41,2026-08-04 20:27:41,-6.85,90.2
T000996,D0152,Delhi,2026-08-22 13:12:04,2026-08-22 13:21:04,9.57,175.75
T000997,D0032,Delhi,2026-08-23 08:05:57,2026-08-23 08:08:57,2.94,61.12
T000998,D0015,Bangalore,2026-08-07 20:08:30,2026-08-07 20:40:30,17.74,223.84
T000999,D0182,Mumbai,2026-08-30 06:15:27,2026-08-30 07:27:27,38.62,
T001000,D0149,Kolkata,2026-08-14 00:50:56,2026-08-14 01:39:56,28.31,600.71
